Date,symbol,name,open,high,low,close,volume,vix,rsi,ma5,ma20,earnings_dday
2025-03-31,005930.KS,삼성전자,58589.778837316175,58786.71927038279,56915.78515625,56915.78515625,17633494,22.280000686645508,64.14810455456647,59066.2109375,56085.34453125,0
2025-04-01,005930.KS,삼성전자,57802.01806308461,58688.25002657313,57014.25631776148,57900.48828125,13841706,21.770000457763672,63.47927308520057,58938.828125,56312.90390625,0
2025-04-02,005930.KS,삼성전자,57900.48828125,58491.309590242345,57408.13719042304,57900.48828125,14402297,21.510000228881836,64.29505337456868,58498.2015625,56564.9353515625,0
2025-04-03,005930.KS,삼성전자,56029.55224609375,56915.7841796875,56029.55224609375,56718.84375,19508076,30.020000457763672,59.666899232627514,57742.93515625,56743.201171875,0
2025-04-04,005930.KS,삼성전자,55340.25927473262,57309.66351938503,54847.90821356952,55241.7890625,23527139,45.310001373291016,46.20675106142155,56935.47890625,56876.980859375,0
2025-04-07,005930.KS,삼성전자,52484.62255492246,53272.384244302164,52287.68213257754,52386.15234375,31998883,46.97999954223633,38.83917792497312,56029.55234375,56867.9787109375,0
2025-04-08,005930.KS,삼성전자,54158.615654205605,54454.026285046726,52484.62207943925,52681.5625,25532845,52.33000183105469,36.7717973197298,54985.7671875,56878.64140625,0
2025-04-09,005930.KS,삼성전자,52484.62549380896,53469.32766067217,52090.74462706368,52189.21484375,20576960,33.619998931884766,29.13673083824834,53843.5125,56801.0591796875,0
2025-04-10,005930.KS,삼성전자,55734.14356161348,55832.61377992021,54158.62006870568,55537.203125,22948172,40.720001220703125,36.523604415715354,53607.184375,56900.6650390625,0
2025-04-11,005930.KS,삼성전자,54749.439453125,54847.90966796875,53961.677734375,54355.55859375,13930480,37.560001373291016,36.50947089782101,53429.93828125,56941.188671875,0
2025-04-14,005930.KS,삼성전자,55438.7319353314,55832.61280165703,54946.38085242437,55340.26171875,12852613,30.889999389648438,41.28288562783996,54020.76015625,56889.0091796875,0
2025-04-15,005930.KS,삼성전자,55438.72610009938,56226.48774983436,55340.25589388251,55734.13671875,8998640,30.1200008392334,37.272817468444536,54631.275,56856.5234375,0
2025-04-16,005930.KS,삼성전자,55143.32381170018,55340.26425388482,53666.27049531535,53863.2109375,14437025,32.63999938964844,32.21547459850335,54966.07421875,56686.44140625,0
2025-04-17,005930.KS,삼성전자,53863.208973740926,54454.03027875454,53666.26853873639,54257.08984375,10867069,29.649999618530273,35.91159470253773,54710.0515625,56452.848046875,0
2025-04-18,005930.KS,삼성전자,54454.0234375,54749.43405289331,54060.14261697559,54454.0234375,5848342,29.649999618530273,42.13833543697592,54729.74453125,56155.6849609375,0
2025-04-21,005930.KS,삼성전자,54355.55956678701,55143.32129963899,54257.089350180504,54552.5,5941847,33.81999969482422,38.666653619845064,54572.1921875,55922.17890625,0
2025-04-22,005930.KS,삼성전자,54060.14307528409,54650.964311079544,53863.20266335227,54158.61328125,9532469,30.56999969482422,37.662309561246424,54257.0875,55703.239453125,0
2025-04-23,005930.KS,삼성전자,55143.32080341113,55241.79101913151,54650.96972480925,54847.91015625,11148692,28.450000762939453,43.62416125250829,54454.02734375,55440.45390625,0
2025-04-24,005930.KS,삼성전자,54749.43994052962,54946.38037197038,54355.55907764811,54847.91015625,10580377,26.469999313354492,48.50746953525556,54572.19140625,55158.090625,0
2025-04-25,005930.KS,삼성전자,55537.20166629264,55537.20166629264,54749.43994052962,54847.91015625,12183303,24.84000015258789,61.90477989540885,54650.96875,54936.5326171875,0
2025-04-28,005930.KS,삼성전자,54946.37890625,55044.849119343635,54650.96826696909,54946.37890625,9341518,25.149999618530273,61.165062752723806,54729.74453125,54838.0623046875,0
2025-04-29,005930.KS,삼성전자,54847.908693156365,55635.670397905466,54749.43848006272,54946.37890625,10295518,24.170000076293945,64.28570850300758,54887.29765625,54690.3568359375,0
2025-04-30,005930.KS,삼성전자,55044.84960585585,55143.319819819815,54454.02832207207,54650.96875,13014189,24.700000762939453,43.2835591133005,54847.909375,54527.880859375,0
2025-05-02,005930.KS,삼성전자,54158.61569118324,54650.96674292127,53370.85400840239,53469.32421875,22454204,22.68000030517578,43.2835591133005,54572.1921875,54365.4048828125,0
2025-05-07,005930.KS,삼성전자,53666.26416552198,54158.61521291209,53469.32374656593,53764.734375,17136991,23.549999237060547,36.66662038570553,54355.55703125,54291.5521484375,0
2025-05-08,005930.KS,삼성전자,54257.08542239011,54650.96626030219,53666.26416552198,53764.734375,16320532,22.479999542236328,32.14287485239103,54119.228125,54360.48125,0
2025-05-09,005930.KS,삼성전자,53863.20556997035,54158.61620380931,53567.79493613139,53961.67578125,7814322,21.899999618530273,51.281978255142505,53922.2875,54424.4869140625,0
2025-05-12,005930.KS,삼성전자,54355.55859375,56718.84375,54158.6181640625,56718.84375,15414702,18.389999389648438,69.84121586947172,54335.8625,54650.968359375,0
2025-05-13,005930.KS,삼성전자,56817.31247940465,57309.66354075132,55931.080568980666,56029.55078125,16842801,18.219999313354492,61.76469730336751,54847.9078125,54675.5857421875,0
2025-05-14,005930.KS,삼성전자,56620.37255689242,57014.25340946211,56128.02149118031,56521.90234375,12468089,18.6200008392334,63.88884450583386,55399.34140625,54783.9029296875,0
2025-05-15,005930.KS,삼성전자,56521.903809445896,57703.54639779669,56226.4931623582,56423.43359375,13139736,17.829999923706055,66.6666858305833,55931.08125,54838.0615234375,0
2025-05-16,005930.KS,삼성전자,56521.9033203125,56620.37353515625,55832.61181640625,55931.08203125,10385352,17.239999771118164,58.208947270572104,56324.9625,54847.9087890625,0
2025-05-19,005930.KS,삼성전자,55537.20018481183,55537.20018481183,54650.96826696909,54946.37890625,9802105,18.139999389648438,50.64934061325697,55970.46953125,54902.0671875,0
2025-05-20,005930.KS,삼성전자,55340.258287678895,55832.60934006038,54847.9072352974,55044.84765625,9080577,18.09000015258789,51.28203172123236,55773.52890625,54941.455078125,0
2025-05-21,005930.KS,삼성전자,55340.26123485188,55734.14209773339,54847.91015625,54847.91015625,7794181,20.8700008392334,49.367098141968064,55438.73046875,54961.1494140625,0
2025-05-22,005930.KS,삼성전자,54454.03226405393,54650.97270623857,53666.27049531535,53863.2109375,15254278,20.280000686645508,43.82024875810381,54926.6859375,54926.6849609375,0
2025-05-23,005930.KS,삼성전자,54158.61320917897,54355.55362084871,53272.38135666513,53370.8515625,11247115,22.290000915527344,42.857124174572924,54414.63984375,54887.296875,0
2025-05-26,005930.KS,삼성전자,53075.44916876143,54158.62160077696,52878.50872657678,53863.2109375,10901337,22.290000915527344,52.38098386451615,54198.00625,54838.0619140625,0
2025-05-27,005930.KS,삼성전자,53370.85595431354,53666.26659612708,52976.97509856215,53075.4453125,13439520,18.959999084472656,46.06743776604043,53804.12578125,54749.438671875,0
2025-05-28,005930.KS,삼성전자,53469.32428862925,55241.7880772026,53370.85407815295,55044.84765625,17516283,19.309999465942383,55.96329607452296,53843.51328125,54759.285546875,0
2025-05-29,005930.KS,삼성전자,55340.25927473262,55537.19969919786,54749.4380013369,55241.7890625,12936810,19.18000030517578,55.96329607452296,54119.22890625,54774.0560546875,0
2025-05-30,005930.KS,삼성전자,55340.26171875,56324.96388456405,54946.38085242437,55340.26171875,26219683,18.56999969482422,41.463438232762854,54513.1109375,54793.7501953125,0
2025-06-02,005930.KS,삼성전자,55438.73095703125,56423.43310546875,55340.2607421875,55931.08203125,12870515,18.360000610351562,49.38272632796607,54926.68515625,54857.755859375,0
2025-06-04,005930.KS,삼성전자,56324.96385705018,57014.25537278331,55931.082990916955,56915.78515625,19649983,17.610000610351562,52.32558890440809,55694.753125,55030.07890625,0
2025-06-05,005930.KS,삼성전자,57211.192424122244,58983.65621695219,57014.252002696696,58195.89453125,23266027,18.479999542236328,59.183646208100306,56324.9625,55251.6369140625,0
2025-06-09,005930.KS,삼성전자,59476.008779264215,59476.008779264215,58589.77686036789,58885.1875,19609659,17.15999984741211,64.99997421495445,57053.6421875,55507.6595703125,0
2025-06-10,005930.KS,삼성전자,59082.12890625,59180.59912109375,57900.486328125,58294.3671875,15305760,16.950000762939453,67.70831654619181,57644.46328125,55724.294140625,0
2025-06-11,005930.KS,삼성전자,58589.77928709307,59180.600590828464,58491.30906980384,58983.66015625,13610734,17.260000228881836,69.6078339863211,58254.97890625,55837.5349609375,0
2025-06-12,005930.KS,삼성전자,58786.72169117647,59082.132352941175,58392.84080882353,58589.78125,17755115,18.020000457763672,68.26921719892817,58589.778125,55965.546484375,0
2025-06-13,005930.KS,삼성전자,59279.0668149657,59279.0668149657,56817.31154856347,57408.1328125,20705979,20.81999969482422,66.981064288906,58432.22578125,56009.8580078125,0
2025-06-16,005930.KS,삼성전자,57112.72262893357,57211.19284036277,56029.55030321242,56324.9609375,22200872,19.110000610351562,63.392851450515025,57920.18046875,56004.934375,0
2025-06-17,005930.KS,삼성전자,56915.78077936747,58885.18495858434,56521.8999435241,57211.19140625,28637003,21.600000381469727,64.65513497320438,57703.5453125,56068.93984375,0
2025-06-18,005930.KS,삼성전자,57112.723662207354,58885.1875,57014.25344899666,58885.1875,17620705,20.139999389648438,73.59998959076472,57683.85078125,56265.8802734375,0
2025-06-19,005930.KS,삼성전자,59574.47998046875,59672.9501953125,58097.4267578125,58294.3671875,16876278,20.139999389648438,64.86486872844768,57624.76796875,56428.35625,0
2025-06-20,005930.KS,삼성전자,58491.311029411765,58885.191911764705,58195.90036764706,58589.78125,18072251,20.6200008392334,65.17858281326372,57861.09765625,56615.4498046875,0
2025-06-23,005930.KS,삼성전자,57506.60350215517,57605.073713631464,56718.84181034483,57112.72265625,16551694,19.829999923706055,57.14283915223512,58018.65,56777.925390625,0
2025-06-24,005930.KS,삼성전자,58491.304261363635,59672.946771694216,58392.83405216942,59574.4765625,23737899,17.479999542236328,62.758599557837464,58491.30703125,57088.106640625,0
2025-06-25,005930.KS,삼성전자,60559.182618780585,60657.65283442088,59377.54003109706,60362.2421875,23933612,16.760000228881836,62.23774904634125,58786.71796875,57413.058203125,0
2025-06-26,005930.KS,삼성전자,60362.24269362542,60362.24269362542,58983.65966310216,59279.0703125,19402300,16.59000015258789,53.9007170016754,58983.65859375,57723.239453125,0
2025-06-27,005930.KS,삼성전자,59543.597746196545,61029.71083470395,59444.52354029605,60237.1171875,17340470,16.31999969482422,54.77610037133064,59313.12578125,57982.8529296875,0
2025-06-30,005930.KS,삼성전자,60633.413879598666,60633.413879598666,59246.375,59246.375,17110294,16.729999542236328,53.27083186823157,59739.85625,58183.0822265625,0
2025-07-01,005930.KS,삼성전자,59840.82028654485,60534.339726951825,59642.671875,59642.671875,13650991,16.829999923706055,52.31070090909365,59753.4953125,58398.202734375,0
2025-07-02,005930.KS,삼성전자,59642.67195209704,60336.19139340049,59246.37512849506,60237.1171875,15047951,16.639999389648438,55.695960781262826,59728.4703125,58613.5044921875,0
2025-07-03,005930.KS,삼성전자,60732.48858738244,63209.34375,60534.340174373036,63209.34375,32040639,16.3799991607666,67.84862697137605,60514.525,58928.182421875,0
2025-07-04,005930.KS,삼성전자,64101.01154596169,64101.01154596169,62416.75003702607,62713.97265625,23748959,16.3799991607666,70.39479377477514,61009.89609375,59154.086328125,0
2025-07-07,005930.KS,삼성전자,62317.6756293051,62713.9724536568,61128.78515625,61128.78515625,17164708,17.790000915527344,61.97140529819412,61386.378125,59266.2662109375,0
2025-07-08,005930.KS,삼성전자,61029.71091205212,61822.304560260585,60435.26567589577,60831.5625,20213724,16.809999465942383,56.49418423092703,61624.15625,59393.1259765625,0
2025-07-09,005930.KS,삼성전자,60831.56237065398,60831.56237065398,59642.67190086921,59840.8203125,17533415,15.9399995803833,55.02570154320972,61544.896875,59435.983984375,0
2025-07-10,005930.KS,삼성전자,60038.96880122951,60633.414036885246,59840.82038934426,60435.265625,14768473,15.779999732971191,55.88315576757075,60990.08125,59528.258203125,0
2025-07-11,005930.KS,삼성전자,60732.48844349041,62218.60153753993,60633.414237220444,62020.453125,19140650,16.399999618530273,65.53806456591755,60851.37734375,59758.87421875,0
2025-07-14,005930.KS,삼성전자,61723.23049375,62020.4531125,61227.8594625,61921.37890625,13563846,17.200000762939453,58.73758493522948,61009.89609375,60038.6951171875,0
2025-07-15,005930.KS,삼성전자,61723.2306404533,63209.34373773548,61426.008020996866,63110.26953125,18442202,17.3799991607666,59.9342681449603,61465.6375,60333.6490234375,0
2025-07-16,005930.KS,삼성전자,63110.26965199962,64101.01171875,62515.82441194938,64101.01171875,23042660,17.15999984741211,67.54885506102067,62317.67578125,60594.440234375,0
2025-07-17,005930.KS,삼성전자,65289.90629685158,66181.57421289355,63803.793103448275,66082.5,39448683,16.520000457763672,69.79866570982205,63447.12265625,60983.846875,0
2025-07-18,005930.KS,삼성전자,66379.71486121461,67172.30847149776,65686.19545221684,66478.7890625,23951531,16.40999984741211,75.52446877615864,64338.78984375,61378.297265625,0
2025-07-21,005930.KS,삼성전자,66776.01567109145,68163.05457227139,66577.86725663717,67172.3125,17723148,16.649999618530273,76.02739726027397,65388.9765625,61881.2767578125,0
2025-07-22,005930.KS,삼성전자,67469.53490767046,67865.83173532198,64992.67973484849,65388.9765625,20829006,16.5,66.45569620253164,65844.71796875,62172.0017578125,0
2025-07-23,005930.KS,삼성전자,65587.12502353163,65884.3476444842,64299.1603327372,65785.2734375,15687058,15.369999885559082,59.848484848484844,66181.5703125,62443.1533203125,0
2025-07-24,005930.KS,삼성전자,65884.34759706439,66181.57021780303,65289.902355587124,65388.9765625,12660193,15.390000343322754,60.30534351145038,66042.865625,62748.6486328125,0
2025-07-25,005930.KS,삼성전자,65091.75782435509,65686.20310128984,64893.60939871017,65289.90625,8080910,14.930000305175781,68.10347142371097,65805.0890625,63001.2880859375,0
2025-07-28,005930.KS,삼성전자,67568.60961914062,69748.2421875,66577.86754261363,69748.2421875,35332500,15.029999732971191,78.48102687260814,66320.275,63526.3814453125,0
2025-07-29,005930.KS,삼성전자,70144.53120573655,70144.53120573655,68163.0472733711,69946.3828125,28190940,15.979999542236328,84.00000946261295,67231.75625,64041.5669921875,0
2025-07-30,005930.KS,삼성전자,70342.68767217631,73017.69128787878,69946.39084022038,71927.875,34761444,15.479999542236328,85.36587066327205,68460.2765625,64626.1048828125,0
2025-07-31,005930.KS,삼성전자,72324.17169992997,73314.9137780112,70342.6875437675,70738.984375,26568072,16.719999313354492,77.5000135532141,69530.278125,65002.5869140625,0
2025-08-01,005930.KS,삼성전자,69550.0896226415,71333.4252539913,68163.05079825835,68262.125,24038534,20.3799991607666,67.3912973604346,70124.721875,65279.99453125,0
2025-08-04,005930.KS,삼성전자,68856.57034612626,69550.08975968436,68063.97673063127,69054.71875,14780072,17.520000457763672,66.66665936527386,69986.0171875,65676.2912109375,0
2025-08-05,005930.KS,삼성전자,70342.68340933476,70838.05441925966,69054.71878353004,69252.8671875,14392903,17.850000381469727,65.11627107337989,69847.3140625,66097.3564453125,0
2025-08-06,005930.KS,삼성전자,68559.3515170785,68757.49993186773,67667.68365052689,68163.0546875,12542415,16.770000457763672,56.441710371571915,69094.35,66513.4681640625,0
2025-08-07,005930.KS,삼성전자,70144.53510638297,70342.6835106383,69054.71888297872,69847.3125,15008213,16.56999969482422,59.65909523675112,68916.015625,66984.0705078125,0
2025-08-08,005930.KS,삼성전자,70342.68758704735,71729.72649721448,70045.46496344011,71135.28125,22241128,15.149999618530273,60.9890157502149,69490.646875,67439.8119140625,0
2025-08-11,005930.KS,삼성전자,71333.42957746479,71432.50378521127,70144.53908450704,70342.6875,11354253,16.25,64.53489038458805,69748.240625,67860.87734375,0
2025-08-12,005930.KS,삼성전자,70441.7578125,71729.72244198312,70441.7578125,70441.7578125,15797656,14.729999542236328,63.905323511132096,69986.01875,68227.4517578125,0
2025-08-13,005930.KS,삼성전자,71234.3515625,71432.49996740265,70738.98055024339,71234.3515625,12305742,14.489999771118164,67.0520233848611,70600.278125,68584.11875,0
2025-08-14,005930.KS,삼성전자,71234.35543601606,71234.35543601606,70540.83598114525,70937.1328125,11946122,14.829999923706055,66.28571402822831,70818.2421875,68826.850390625,0
2025-08-18,005930.KS,삼성전자,70441.75366071428,70540.82785714285,69351.9375,69351.9375,13595591,14.989999771118164,48.63010998115581,70461.5734375,68970.5078125,0
2025-08-19,005930.KS,삼성전자,69748.23428571428,70045.456875,69054.71491071429,69351.9375,10533082,15.569999694824219,47.91666780750841,70263.4234375,69079.4890625,0
2025-08-20,005930.KS,삼성전자,69451.01569148936,70045.46090425532,68757.49627659575,69847.3125,17445516,15.6899995803833,41.86045232206583,70144.534375,69302.405859375,0
2025-08-21,005930.KS,삼성전자,70838.05058206445,71234.34736853754,69946.3828125,69946.3828125,18843833,16.600000381469727,46.61013607837922,69886.940625,69510.461328125,0
2025-08-22,005930.KS,삼성전자,71036.20699842437,71135.2812062325,70144.53912815126,70738.984375,9277432,14.220000267028809,62.376252310997856,69847.3109375,69777.96171875,0
2025-08-25,005930.KS,삼성전자,71036.21092657343,71135.28513986013,70342.69143356643,70838.0625,10345178,14.789999961853027,59.57450199737933,70144.5359375,70055.36953125,0
2025-08-26,005930.KS,삼성전자,70144.53507290185,70441.75767914296,69649.1640625,69649.1640625,14712519,14.619999885559082,51.92307400684521,70203.98125,70050.415625,0
2025-08-27,005930.KS,삼성전자,69451.01182940864,70243.60540235482,69153.78923955382,69946.3828125,10523405,14.850000381469727,59.37494352839516,70223.7953125,70050.415625,0
2025-08-28,005930.KS,삼성전자,69451.01947512572,69748.24209770115,68955.6484375,68955.6484375,11578024,14.430000305175781,44.943849094718935,70025.6484375,69901.804296875,0
2025-08-29,005930.KS,삼성전자,69451.0155577475,69847.31236549497,69054.71875,69054.71875,11682267,15.359999656677246,36.36361774380527,69688.7953125,69817.591015625,0
2025-09-01,005930.KS,삼성전자,67766.75772004438,67964.90613443048,66875.08985530696,66974.1640625,12002343,15.359999656677246,31.111111111111114,68916.015625,69753.19296875,0
2025-09-02,005930.KS,삼성전자,67172.30881421853,68856.57024466353,67172.30881421853,68460.2734375,10604028,17.170000076293945,40.38461538461538,68678.2375,69723.470703125,0
2025-09-03,005930.KS,삼성전자,68559.35162965616,69153.796875,68163.05479942693,69153.796875,10283009,16.350000381469727,39.80584828452106,68519.7203125,69718.5171875,0
2025-09-04,005930.KS,삼성전자,68856.57815843438,69451.0234375,68658.42973207917,69451.0234375,12284414,15.300000190734863,42.71847410342705,68618.7953125,69782.915625,0
2025-09-05,005930.KS,삼성전자,69649.17183003596,69748.24604316546,68856.578125,68856.578125,11526724,15.180000305175781,47.311892689379164,68579.1671875,69733.37890625,0
2025-09-08,005930.KS,삼성전자,69153.80079796718,69847.32029021041,68955.65237161198,69451.0234375,9263135,15.109999656677246,50.505110042541865,69074.5390625,69649.166015625,0
2025-09-09,005930.KS,삼성전자,69451.02351398602,70838.0625,69351.9493006993,70838.0625,14870245,15.039999961853027,54.62966613658567,69550.096875,69673.934765625,0
2025-09-10,005930.KS,삼성전자,71135.28133608816,72126.02341597796,70937.13292011019,71927.875,21928565,15.350000381469727,58.47460968433264,70104.9125,69748.240625,0
2025-09-11,005930.KS,삼성전자,72522.31254257493,72918.60933242507,71432.49637048706,72720.4609375,20793501,14.710000038146973,58.47455418450096,70758.8,69822.54609375,0
2025-09-12,005930.KS,삼성전자,73909.35172828249,74900.09370855438,73513.05493617374,74701.9453125,28219678,14.760000228881836,64.23355395504566,71927.8734375,70010.78671875,0
2025-09-15,005930.KS,삼성전자,76485.28504901961,76881.58186274511,75197.32040441177,75791.765625,19908805,15.6899995803833,72.7941572963348,73196.021875,70332.778125,0
2025-09-16,005930.KS,삼성전자,76188.06665223552,78763.99608391058,75989.91823441435,78664.921875,28218265,16.360000610351562,77.16054460643272,74761.39375,70798.42734375,0
2025-09-17,005930.KS,삼성전자,78367.69122642264,78367.69122642264,76386.207251039,77476.0234375,20856317,15.720000267028809,76.21948815395578,75871.0234375,71179.862890625,0
2025-09-18,005930.KS,삼성전자,78367.69548762453,79754.73434581257,77872.32446684309,79556.5859375,25619035,15.699999809265137,78.80433548170329,77238.2484375,71660.373046875,0
2025-09-22,005930.KS,삼성전자,80745.47684318862,83222.33196107784,80349.18002432634,82726.9609375,27529656,16.100000381469727,90.7691959299509,78843.2515625,72259.771875,0
2025-09-23,005930.KS,삼성전자,85005.66781655845,85104.74202147285,82826.03530844155,83915.8515625,23610263,16.639999389648438,90.62496663038792,80468.06875,72913.661328125,0
2025-09-24,005930.KS,삼성전자,83420.48448477751,84708.44920960187,82925.11343676815,84609.375,18300997,16.18000030517578,90.62496663038792,81656.959375,73661.671875,0
2025-09-25,005930.KS,삼성전자,83618.62913763066,85401.96483013938,83321.40652221254,85302.890625,19665151,16.739999771118164,90.81628999326111,83222.3328125,74429.497265625,0
2025-09-26,005930.KS,삼성전자,84213.07397959183,84510.29659363745,81637.14465786314,82528.8125,24071193,15.289999961853027,81.65134661183953,83816.778125,75108.15546875,0
2025-09-29,005930.KS,삼성전자,82897.02573856887,84588.80177404988,82797.50950118764,83792.671875,13069094,16.1200008392334,82.20294829967726,84029.9203125,75845.053125,0
2025-09-30,005930.KS,삼성전자,84190.73867699642,84489.28739570918,82996.54380214542,83494.125,16319061,16.280000686645508,79.87864663218399,83945.575,76671.051171875,0
2025-10-01,005930.KS,삼성전자,84489.28236736919,85782.9934047965,84290.24990007267,85583.9609375,22039361,16.290000915527344,80.78588791759145,84140.4921875,77527.235546875,0
2025-10-02,005930.KS,삼성전자,88867.99725800836,89863.15960132312,88270.8998520195,89315.8203125,49883028,16.6299991607666,83.03426023496216,84943.078125,78535.33671875,0
2025-10-10,005930.KS,삼성전자,93545.2631753178,94042.84436242055,92251.55208885063,93943.328125,35269748,21.65999984741211,84.65114001812684,87225.98125,79759.951953125,0
2025-10-13,005930.KS,삼성전자,90858.32371215166,92948.16467376742,90261.22629454716,92848.6484375,23883308,19.030000686645508,80.71177438880463,89037.1765625,80959.55546875,0
2025-10-14,005930.KS,삼성전자,94838.97584606988,95535.58951965066,89763.64765283844,91156.875,35545235,20.809999465942383,73.4917954944271,90569.7265625,82044.848046875,0
2025-10-15,005930.KS,삼성전자,91853.48356907895,94838.9705756579,91654.45110197368,94540.421875,21050111,20.639999389648438,79.64364807567084,92361.01875,83229.966015625,0
2025-10-16,005930.KS,삼성전자,94838.97741012026,97227.3671875,94540.4286879478,97227.3671875,28141060,25.309999465942383,80.06366128411413,93943.328125,84494.940625,0
2025-10-17,005930.KS,삼성전자,96729.78476123595,98620.59331109551,96232.20356390449,97426.3984375,22730809,20.780000686645508,77.82130280128182,94639.9421875,85730.2375,0
2025-10-20,005930.KS,삼성전자,97426.39721107288,97824.46216392712,95535.58868501529,97625.4296875,17589756,18.229999542236328,76.95792303556341,95595.2984375,86876.41171875,0
2025-10-21,005930.KS,삼성전자,98023.49046474359,99416.71774038461,96829.29565705128,97028.328125,22803830,17.8700008392334,74.51304709339479,96769.5890625,87938.23984375,0
2025-10-22,005930.KS,삼성전자,96630.26428594066,98123.0078125,95038.00452427738,98123.0078125,15937611,18.600000381469727,74.91038349216412,97486.10625,88911.144140625,0
2025-10-23,005930.KS,삼성전자,96331.72059585492,98023.49668069948,95834.13939443005,96033.171875,18488581,17.299999237060547,76.9567091492851,97247.2671875,89839.0015625,0
2025-10-24,005930.KS,삼성전자,97426.39295767967,98521.07153023785,97227.3604899418,98322.0390625,18801925,16.3700008392334,77.86260159556538,97426.3953125,90777.27421875,0
2025-10-27,005930.KS,삼성전자,100809.94883578431,101506.5625,100113.33517156863,101506.5625,22169970,15.789999961853027,81.09966062188747,98202.621875,91716.254296875,0
2025-10-28,005930.KS,삼성전자,100411.8835741206,100511.39981155779,98620.59130025125,99018.65625,20002282,16.420000076293945,72.88136224686534,98600.6875,92471.39453125,0
2025-10-29,005930.KS,삼성전자,99715.27159514926,100511.40150808459,98620.59296486319,100013.8203125,20899788,16.920000076293945,70.09346617221864,98978.85,93241.616796875,0
2025-10-30,005930.KS,삼성전자,101904.63016330451,105288.18233669548,101506.5652017291,103596.40625,34570017,16.90999984741211,68.87160222452611,100491.496875,94156.292578125,0
2025-10-31,005930.KS,삼성전자,104492.04723837209,108074.63171511628,102800.27123546512,106979.953125,54824564,17.440000534057617,75.35714776369271,102223.0796875,95378.849609375,0
2025-11-03,005930.KS,삼성전자,106382.85711774303,110960.60400961971,105984.79217062332,110562.5390625,30110066,17.170000076293945,82.6086956521739,104034.275,96717.34296875,0
2025-11-04,005930.KS,삼성전자,111259.15151334603,111856.24892755004,104392.53125,104392.53125,30450281,19.0,65.13761622066994,105109.05,97762.26328125,0
2025-11-05,005930.KS,삼성전자,100511.40089152585,101506.56327659046,96232.202635748,100113.3359375,44843020,18.010000228881836,54.22740297906234,105128.953125,98488.73203125,0
2025-11-06,005930.KS,삼성전자,103198.34014301914,103297.85638230847,98322.04441784274,98720.109375,28655689,19.5,51.83098604007902,104153.69375,98958.946484375,0
2025-11-07,005930.KS,삼성전자,95933.65484550562,99814.78818469102,95834.13860603933,97426.3984375,22908083,19.079999923706055,49.72677759722153,102242.9828125,99133.1,0
2025-11-10,005930.KS,삼성전자,98123.01116737077,100511.40089152585,97426.39749782554,100113.3359375,23842327,17.600000381469727,54.005174825316686,100153.1421875,99496.334375,0
2025-11-11,005930.KS,삼성전자,103198.33716032609,105487.2105978261,101506.56114130435,102999.3046875,27742542,17.280000686645508,56.049386305660875,99874.496875,100088.455859375,0
2025-11-12,005930.KS,삼성전자,102501.72594871484,103397.37209778128,101108.4986057226,102601.2421875,19413497,17.510000228881836,58.50515531709161,100372.078125,100491.496875,0
2025-11-13,005930.KS,삼성전자,102004.14659077092,103695.92268056907,101805.1141096182,102302.6953125,20838741,20.0,55.43479281135042,101088.5953125,100745.26328125,0
2025-11-14,005930.KS,삼성전자,98521.07349537036,99118.17091049382,96729.78125,96729.78125,21806342,19.829999923706055,43.87754775073768,100949.271875,100710.432421875,0
2025-11-17,005930.KS,삼성전자,99317.20602944831,100511.40089152585,99018.65731392892,100113.3359375,17192584,22.3799991607666,51.371572536951575,100949.271875,100834.827734375,0
2025-11-18,005930.KS,삼성전자,99317.20761439162,100411.88625543201,97028.33409221626,97326.8828125,18684068,24.690000534057617,46.77804354074212,99814.7875,100849.75546875,0
2025-11-19,005930.KS,삼성전자,96630.26931670983,97028.33427784973,94142.36330958549,96033.171875,18993346,23.65999984741211,40.40403800107765,98501.1734375,100745.263671875,0
2025-11-20,005930.KS,삼성전자,100411.88465301938,102402.20942314861,99018.65731392892,100113.3359375,25360435,26.420000076293945,41.4392089522728,98063.3015625,100949.271875,0
2025-11-21,005930.KS,삼성전자,95137.52050369198,96331.71532172995,94042.84192049051,94341.390625,23103574,23.43000030517578,30.823526238976314,97585.6234375,100750.239453125,0
2025-11-24,005930.KS,삼성전자,97326.8817541365,98521.07662228541,95734.62192993794,96232.203125,29831172,20.520000457763672,39.2670202258718,96809.396875,100486.521484375,0
2025-11-25,005930.KS,삼성전자,100909.4660120846,100909.4660120846,97326.88141993959,98819.625,16110054,18.559999465942383,48.219178435750514,97107.9453125,100476.569921875,0
2025-11-26,005930.KS,삼성전자,100013.82177924368,102402.21155307637,98819.62689232733,102302.6953125,21314975,17.190000534057617,54.66321354170586,98361.85,100591.013671875,0
2025-11-27,005930.KS,삼성전자,103596.40210597827,104989.62941576086,102203.17479619566,102999.3046875,16453004,17.190000534057617,57.368416703336656,98939.04375,100561.15859375,0
2025-11-28,005930.KS,삼성전자,103297.85620335821,103297.85620335821,100013.8203125,100013.8203125,15292277,16.350000381469727,49.86945249989546,100073.5296875,100212.851953125,0
2025-12-01,005930.KS,삼성전자,101506.56203497024,102302.69193328373,99416.72105189732,100312.3671875,10905526,17.239999771118164,46.21848868849524,100889.5625,99700.343359375,0
2025-12-02,005930.KS,삼성전자,100710.43184840425,102999.30529950434,100511.39937439555,102899.7890625,13649487,16.59000015258789,50.39577590471054,101705.5953125,99625.70625,0
2025-12-03,005930.KS,삼성전자,104193.50122607657,104989.63113038278,103496.88755980862,103994.46875,14697927,16.079999923706055,52.19637875973424,102043.95,99819.762890625,0
2025-12-04,005930.KS,삼성전자,103397.36768553758,104591.5625,102700.75404376784,104591.5625,11931145,15.779999732971191,61.72106714325516,102362.4015625,100113.335546875,0
2025-12-05,005930.KS,삼성전자,104790.59819678275,107875.6015625,104093.98453355627,107875.6015625,19755571,15.40999984741211,61.60714243991931,103934.7578125,100635.795703125,0
2025-12-08,005930.KS,삼성전자,109169.31372716895,109467.86244292237,107477.53767123287,108970.28125,15527762,16.65999984741211,68.33855591078215,105666.340625,101078.64296875,0
2025-12-09,005930.KS,삼성전자,108373.18275051891,108870.76393853783,106780.9229488584,107875.6015625,13671800,16.93000030517578,68.76971132284011,106661.503125,101322.4578125,0
2025-12-10,005930.KS,삼성전자,107776.08778211806,109268.83138020833,106880.44162326389,107477.5390625,12365092,15.770000457763672,63.21428831776042,107358.1171875,101566.27265625,0
2025-12-11,005930.KS,삼성전자,108671.73037045666,109965.44144629543,106780.921875,106780.921875,22994507,14.850000381469727,77.2925794132368,107795.9890625,101790.183984375,0
2025-12-12,005930.KS,삼성전자,106581.88746126034,108373.1796875,106283.33875688705,108373.1796875,14210314,15.739999771118164,76.99114736843933,107895.5046875,102372.35390625,0
2025-12-15,005930.KS,삼성전자,104790.59680641699,105288.17798783396,104093.9831524332,104293.015625,20594654,16.5,61.41078662460634,106960.0515625,102581.337890625,0
2025-12-16,005930.KS,삼성전자,104392.5363646036,105089.15004863814,102203.17907192365,102302.6953125,18852079,16.479999542236328,50.0,105845.4703125,102830.128515625,0
2025-12-17,005930.KS,삼성전자,102999.30136411029,107577.04809140408,102899.78513090825,107378.015625,22297611,17.6200008392334,58.14814674819927,105825.565625,103397.370703125,0
2025-12-18,005930.KS,삼성전자,105885.27393122677,107676.56615938662,105188.66028694238,107079.46875,20445631,16.8700008392334,64.60905402973685,105885.275,103745.67734375,0
2025-12-19,005930.KS,삼성전자,109169.30980273988,109169.30980273988,105686.24157749294,105785.7578125,25917098,14.90999984741211,60.869566566503195,105367.790625,104317.895703125,0
2025-12-22,005930.KS,삼성전자,109169.31539168551,109965.4453125,108771.25043127827,109965.4453125,24859171,14.079999923706055,63.19703654588211,106502.2765625,105004.5578125,0
2025-12-23,005930.KS,삼성전자,110363.50415498878,111955.76390835202,109865.92298206278,110960.6015625,20419187,14.0,63.059702039045604,108233.8578125,105611.606640625,0
2025-12-24,005930.KS,삼성전자,111856.25014063907,111856.25014063907,110363.50658894014,110562.5390625,12492939,13.470000267028809,61.278206029111125,108870.7625,106024.598828125,0
2025-12-26,005930.KS,삼성전자,111856.25299145299,116434.0,111856.25299145299,116434.0,34018174,13.600000381469727,64.72603835390456,110741.66875,106696.33359375,0
2025-12-29,005930.KS,삼성전자,119400.0,119700.0,118200.0,119500.0,19676004,14.199999809265137,66.96697203265182,113484.5171875,107670.642578125,0
2025-12-30,005930.KS,삼성전자,119100.0,121200.0,118700.0,119900.0,19746349,14.329999923706055,69.81910811096887,115471.428125,108650.02421875,0
2026-01-02,005930.KS,삼성전자,120200.0,128500.0,120200.0,128500.0,30463279,14.510000228881836,77.27546867635357,118979.3078125,109930.034765625,0
2026-01-05,005930.KS,삼성전자,134600.0,138600.0,133600.0,138100.0,42863376,14.899999618530273,83.0086680605124,124486.8,111635.311328125,0
2026-01-06,005930.KS,삼성전자,135300.0,139300.0,132700.0,138900.0,45321341,14.75,82.72009424218628,128980.0,113350.733203125,0
2026-01-07,005930.KS,삼성전자,143500.0,144400.0,137600.0,141000.0,46317413,15.380000114440918,91.0884370160723,133280.0,115006.953125,0
2026-01-08,005930.KS,삼성전자,138300.0,144500.0,138300.0,138800.0,41449329,15.449999809265137,90.662851689574,137060.0,116498.4390625,0
2026-01-09,005930.KS,삼성전자,136000.0,140700.0,135200.0,139000.0,29520566,14.489999771118164,89.52488664806373,139160.0,118054.658984375,0
2026-01-12,005930.KS,삼성전자,141000.0,142000.0,136900.0,138800.0,26271134,15.119999885559082,89.74597677790608,139300.0,119620.78203125,0
2026-01-13,005930.KS,삼성전자,139800.0,140200.0,136900.0,137600.0,22384699,15.979999542236328,89.95723279524198,139040.0,121161.7359375,0
2026-01-14,005930.KS,삼성전자,137000.0,140300.0,136800.0,140300.0,18444394,16.75,89.56954968553869,138900.0,122758.076953125,0
2026-01-15,005930.KS,삼성전자,139000.0,144000.0,138300.0,143900.0,24701126,15.84000015258789,90.23326889637993,139920.0,124738.426171875,0
2026-01-16,005930.KS,삼성전자,145300.0,149500.0,144300.0,148900.0,30000219,15.859999656677246,92.09442088802231,141900.0,127068.29140625,0
2026-01-19,005930.KS,삼성전자,147200.0,150600.0,146600.0,149300.0,22762497,15.859999656677246,91.01482553786252,144000.0,129164.390625,0
2026-01-20,005930.KS,삼성전자,148500.0,149300.0,143900.0,145200.0,24059218,20.09000015258789,81.26520681265207,145520.0,131070.4171875,0
2026-01-21,005930.KS,삼성전자,141900.0,149800.0,141800.0,149500.0,31703610,16.899999618530273,82.88888888888889,147360.0,133256.129296875,0
2026-01-22,005930.KS,삼성전자,155000.0,157000.0,150800.0,152300.0,32073624,15.640000343322754,80.35714285714286,149040.0,135372.85703125,0
2026-01-23,005930.KS,삼성전자,154700.0,156000.0,150100.0,152100.0,25407497,16.09000015258789,73.48993288590604,149680.0,137429.826953125,0
2026-01-26,005930.KS,삼성전자,154900.0,156400.0,151500.0,152100.0,20561689,16.149999618530273,72.75862068965517,150240.0,139506.7,0
2026-01-27,005930.KS,삼성전자,150500.0,159500.0,149200.0,159500.0,29423670,16.350000381469727,76.96793002915452,153100.0,141660.0,0
2026-01-28,005930.KS,삼성전자,162600.0,163300.0,160200.0,162400.0,29456431,16.350000381469727,83.71428571428571,155680.0,143805.0,0
2026-01-29,005930.KS,삼성전자,166200.0,166600.0,157100.0,160700.0,36087223,16.8799991607666,79.72602739726028,157360.0,145845.0,0
2026-01-30,005930.KS,삼성전자,160100.0,166500.0,160100.0,160500.0,40557267,17.440000534057617,79.72602739726028,159040.0,147445.0,0
2026-02-02,005930.KS,삼성전자,155700.0,159600.0,150400.0,150400.0,39748369,16.34000015258789,64.09691629955947,158700.0,148060.0,0
2026-02-03,005930.KS,삼성전자,157900.0,167500.0,157200.0,167500.0,36529813,18.0,72.74247491638796,160300.0,149490.0,0
2026-02-04,005930.KS,삼성전자,163500.0,169400.0,163100.0,169100.0,29943042,18.639999389648438,71.79930795847751,161640.0,150895.0,0
2026-02-05,005930.KS,삼성전자,162000.0,164000.0,158500.0,159300.0,38435228,21.770000457763672,58.306709265175726,161360.0,151920.0,0
2026-02-06,005930.KS,삼성전자,154100.0,160300.0,151600.0,158600.0,36358081,20.3700008392334,57.39268680445151,160980.0,152900.0,0
2026-02-09,005930.KS,삼성전자,168600.0,168700.0,165000.0,166400.0,25098971,17.360000610351562,65.91591591591592,164180.0,154280.0,0
2026-02-10,005930.KS,삼성전자,167400.0,168100.0,165500.0,165800.0,19369566,17.790000915527344,62.9570747217806,163840.0,155690.0,0
2026-02-11,005930.KS,삼성전자,164000.0,168600.0,162000.0,167800.0,22760242,17.649999618530273,62.47987117552335,163580.0,157065.0,0
2026-02-12,005930.KS,삼성전자,171200.0,179600.0,170100.0,178600.0,41296011,20.81999969482422,68.22558459422282,167440.0,158800.0,0
2026-02-13,005930.KS,삼성전자,179500.0,184400.0,178900.0,181200.0,34454192,20.600000381469727,69.32270916334662,171960.0,160415.0,0
2026-02-19,005930.KS,삼성전자,188000.0,190900.0,187100.0,190000.0,27049388,20.229999542236328,69.88265971316818,176680.0,162450.0,0
2026-02-20,005930.KS,삼성전자,190000.0,190300.0,188600.0,190100.0,24213880,19.09000015258789,68.74154262516915,181540.0,164695.0,0
2026-02-23,005930.KS,삼성전자,194400.0,197600.0,190500.0,193000.0,26364684,21.010000228881836,71.5046604527297,186580.0,166870.0,0
2026-02-24,005930.KS,삼성전자,193000.0,200000.0,192000.0,200000.0,28060617,19.549999237060547,74.11477411477412,190860.0,169255.0,0
2026-02-25,005930.KS,삼성전자,202500.0,206000.0,201000.0,203500.0,26987996,17.93000030517578,85.2589641434263,195320.0,171825.0,0
2026-02-26,005930.KS,삼성전자,206500.0,219000.0,206000.0,218000.0,30095763,18.6299991607666,84.73177441540578,200920.0,175120.0,0
2026-02-27,005930.KS,삼성전자,210000.0,223000.0,210000.0,216500.0,51774768,19.860000610351562,82.64462809917356,206200.0,177970.0,0
2026-03-03,005930.KS,삼성전자,209500.0,212500.0,195100.0,195100.0,54879010,23.56999969482422,71.25890736342043,206620.0,179605.0,0
2025-03-31,000660.KS,SK하이닉스,192379.53657577347,194367.9555584688,189396.90810173046,189595.75,4561715,22.280000686645508,52.0567345531182,202619.896875,199503.05234375,0
2025-04-01,000660.KS,SK하이닉스,192478.96878172588,197350.5955742386,190888.2335025381,195859.28125,2317253,21.770000457763672,48.55403195635305,200432.6375,200044.89609375,0
2025-04-02,000660.KS,SK하이닉스,197648.851061142,200333.21674456797,196157.536792572,196754.0625,2764223,21.510000228881836,48.63221804641476,197231.284375,200283.50625,0
2025-04-03,000660.KS,SK하이닉스,188502.13951695786,193473.1875,187110.24608170608,193473.1875,4177747,30.020000457763672,42.301722894776084,194765.646875,200392.8703125,0
2025-04-04,000660.KS,SK하이닉스,186811.9950603732,188502.15148188802,177367.0032930845,181145.0,9182017,45.310001373291016,34.17554697769873,191365.45625,199885.825,0
2025-04-07,000660.KS,SK하이닉스,167027.2208737864,171799.427184466,163845.75,163845.75,7879050,46.97999954223633,28.683044288617438,186215.45625,198737.5140625,0
2025-04-08,000660.KS,SK하이닉스,171004.03945427728,172097.6699391593,167226.0432337758,168518.515625,4965171,52.33000183105469,30.392157198428123,180747.303125,197827.8125,0
2025-04-09,000660.KS,SK하이닉스,169015.60984848483,169015.60984848483,161757.88071969696,164044.5625,8035679,33.619998931884766,25.490183658159367,174205.403125,196142.6265625,0
2025-04-10,000660.KS,SK하이닉스,188601.53332253,188800.37521322325,178957.7016239083,182139.171875,7836984,40.720001220703125,34.54544114685655,171938.6,195322.403125,0
2025-04-11,000660.KS,SK하이닉스,176770.46498202434,180747.3033393252,175080.30868017144,179753.09375,3223735,37.560001373291016,35.08260147214294,171660.21875,194144.265625,0
2025-04-14,000660.KS,SK하이닉스,181840.91244970864,183332.22665788012,176969.2860363485,179156.546875,3466194,30.889999389648438,36.099990287505555,174722.378125,192861.73515625,0
2025-04-15,000660.KS,SK하이닉스,179156.5505779347,181343.81146179402,178659.445831603,179554.234375,1915455,30.1200008392334,32.309317695460365,176929.521875,191748.2203125,0
2025-04-16,000660.KS,SK하이닉스,175477.97687679596,176472.18637751436,172495.3483746408,172992.453125,2933428,32.63999938964844,32.44680006212839,178719.1,190182.340625,0
2025-04-17,000660.KS,SK하이닉스,171103.46416964286,174384.35569642857,170805.20130357143,173986.671875,2989493,29.649999618530273,36.082476453892696,177088.6,188442.47421875,0
2025-04-18,000660.KS,SK하이닉스,172992.46232142858,174483.7766517857,171799.41085714285,173986.671875,1305152,29.649999618530273,40.02541719810537,175935.315625,186429.2,0
2025-04-21,000660.KS,SK하이닉스,173787.8135971121,178957.7027887882,173489.5507591308,175577.390625,1877473,33.81999969482422,36.21619543755613,175219.484375,184694.30390625,0
2025-04-22,000660.KS,SK하이닉스,173986.66076308975,174483.76550812717,172296.5046299626,172793.609375,2008388,30.56999969482422,34.12383431801716,173867.359375,182994.20546875,0
2025-04-23,000660.KS,SK하이닉스,178062.92380006905,180548.44758287293,177068.7142869475,179951.921875,3857373,28.450000762939453,41.47868343960021,175259.253125,181353.76015625,0
2025-04-24,000660.KS,SK하이닉스,181741.50546831184,182338.0311974201,176571.61581604037,177267.5625,3162156,26.469999313354492,47.21824402186341,175915.43125,179927.06953125,0
2025-04-25,000660.KS,SK하이닉스,181443.236298468,183829.3391319821,181045.5524928823,183332.234375,3507810,24.84000015258789,66.6666577573624,177784.54375,179186.38359375,0
2025-04-28,000660.KS,SK하이닉스,182437.45497081045,182835.13879635988,178659.45862809065,180946.140625,2455710,25.149999618530273,61.061957241325594,178858.29375,178753.903125,0
2025-04-29,000660.KS,SK하이닉스,180946.14525719025,181840.93388758294,178062.9374481471,179753.09375,1866386,24.170000076293945,64.84965504528398,180250.190625,177948.59375,0
2025-04-30,000660.KS,SK하이닉스,178062.9227112676,178957.71126760563,175676.8198943662,176472.1875,2354473,24.700000762939453,42.55875552163413,179554.24375,176934.5,0
2025-05-02,000660.KS,SK하이닉스,178361.18598790324,185121.81065188174,177366.97647849465,184922.96875,3886874,22.68000030517578,55.855838954871714,181085.325,176506.9890625,0
2025-05-07,000660.KS,SK하이닉스,186613.12243677935,190391.11852234014,184823.54534361896,189695.171875,3830097,23.549999237060547,60.90535857725486,182357.9125,176934.49765625,0
2025-05-08,000660.KS,SK하이닉스,194865.07258276406,194865.07258276406,188303.2895264057,189198.078125,5125330,22.479999542236328,59.958951189995965,184008.3,178202.1140625,0
2025-05-09,000660.KS,SK하이닉스,190888.2325092057,191683.6001446607,185718.34287874802,188999.234375,2539822,21.899999618530273,69.03075657564753,185857.528125,179226.15,0
2025-05-12,000660.KS,SK하이닉스,192478.966025641,194069.70128205128,192379.54507211538,193870.859375,1624884,18.389999389648438,71.64503843280688,189337.2625,180717.46484375,0
2025-05-13,000660.KS,SK하이닉스,199339.01283060454,200333.22237090682,196157.5423016373,197350.59375,3385009,18.219999313354492,73.641868985343,191822.7875,181478.0359375,0
2025-05-14,000660.KS,SK하이닉스,205801.36574635922,205801.36574635922,202818.73725728155,204807.15625,3333511,18.6200008392334,76.43887022219785,194845.184375,182730.7390625,0
2025-05-15,000660.KS,SK하이닉스,206298.4663341646,206795.5710723192,198344.79052369078,199339.0,3178957,17.829999923706055,72.8988058797825,196873.36875,183739.86171875,0
2025-05-16,000660.KS,SK하이닉스,204807.15800733495,205552.81513600243,202321.63424511,203315.84375,2419507,17.239999771118164,71.3248710274648,199736.690625,184927.9421875,0
2025-05-19,000660.KS,SK하이닉스,201824.52921263792,201824.52921263792,196356.37694333,198245.375,2482673,18.139999389648438,68.34782394791578,200611.59375,186190.58828125,0
2025-05-20,000660.KS,SK하이닉스,201327.43289758664,206795.5853960396,200333.22335241336,200830.328125,2820546,18.09000015258789,66.29630254820447,201307.540625,187532.77109375,0
2025-05-21,000660.KS,SK하이닉스,203315.83790523693,203812.94264339152,198742.47431421446,199339.0,1721760,20.8700008392334,67.41993942681896,200213.909375,188800.3875,0
2025-05-22,000660.KS,SK하이닉스,198742.48800945914,200333.22328117065,195362.17555707213,195759.859375,1988587,20.280000686645508,64.50449435115999,199498.08125,189809.5109375,0
2025-05-23,000660.KS,SK하이닉스,198742.485296875,200333.220546875,197549.433859375,198841.90625,1538701,22.290000915527344,70.34358653436803,198603.29375,191111.92578125,0
2025-05-26,000660.KS,SK하이닉스,198841.9027093596,202321.6360067734,195759.85321736452,201824.53125,1459997,22.290000915527344,67.06827689456769,199319.125,192205.55625,0
2025-05-27,000660.KS,SK하이닉스,199339.0028935185,202321.63136574073,198841.89814814815,201327.421875,1424916,18.959999084472656,62.85714187026664,199418.54375,193408.54921875,0
2025-05-28,000660.KS,SK하이닉스,205304.2638596755,208286.89239032453,204807.1591045673,206795.578125,3161188,19.309999465942383,67.52473947230342,200909.859375,194581.71640625,0
2025-05-29,000660.KS,SK하이닉스,213643.12245725238,213643.12245725238,206671.08582694575,211153.109375,3827689,19.18000030517578,70.37464627948964,203988.509375,196092.06484375,0
2025-05-30,000660.KS,SK하이닉스,209161.09107579463,209161.09107579463,202189.05470660146,203683.0625,4826628,18.56999969482422,58.61252897559097,204956.740625,197288.56328125,0
2025-06-02,000660.KS,SK하이닉스,204181.06513554216,207667.08332078313,202189.0547439759,206671.078125,1775752,18.360000610351562,58.25216205425658,205926.05,198798.5078125,0
2025-06-04,000660.KS,SK하이닉스,217129.1275862069,222109.15344827584,215635.1198275862,216631.125,5108674,17.610000610351562,60.024310543347,208986.790625,200383.915625,0
2025-06-05,000660.KS,SK하이닉스,224599.1614003341,229081.18457683743,221113.14337416482,223603.15625,5768506,18.479999542236328,70.0595389721144,212348.30625,202079.31484375,0
2025-06-09,000660.KS,SK하이닉스,232069.2082423581,232567.21083515283,227089.1823144105,228085.1875,3666084,17.15999984741211,70.30755758153701,215734.721875,204023.6703125,0
2025-06-10,000660.KS,SK하이닉스,230077.1900759219,231571.19780368762,226591.17204446855,229579.1875,3718655,16.950000762939453,77.2899531323996,220913.946875,206052.66796875,0
2025-06-11,000660.KS,SK하이닉스,235057.21380208334,240037.23951822918,234061.20865885416,239041.234375,4230421,17.260000228881836,79.71938942919768,227387.978125,208311.18671875,0
2025-06-12,000660.KS,SK하이닉스,241531.25497611467,245515.2756767516,234061.2161624204,234559.21875,4994238,18.020000457763672,76.17558790427056,230973.596875,210171.61796875,0
2025-06-13,000660.KS,SK하이닉스,239539.2446257962,242029.25756369426,232816.20969347135,234559.21875,4100610,20.81999969482422,80.45585434914378,233164.809375,211659.22109375,0
2025-06-16,000660.KS,SK하이닉스,237049.22958669355,247507.28383316533,237049.22958669355,247009.28125,3760740,19.110000610351562,82.96167876265503,236949.628125,214042.73515625,0
2025-06-17,000660.KS,SK하이닉스,251989.3177083333,258961.35416666666,247009.29166666666,248005.296875,5044669,21.600000381469727,82.48547008471854,240634.85,216277.2078125,0
2025-06-18,000660.KS,SK하이닉스,244519.27605223126,250993.30983772821,244021.27345334686,245515.28125,4081001,20.139999389648438,80.2358289948978,241929.659375,218640.703125,0
2025-06-19,000660.KS,SK하이닉스,246013.27076981706,249001.28620426828,241033.2450457317,245017.265625,2317796,20.139999389648438,78.0621403595716,244021.26875,220850.05,0
2025-06-20,000660.KS,SK하이닉스,248005.30192120624,255973.34375,246511.2940783074,255973.34375,3597877,20.6200008392334,79.99998744987008,248304.09375,223681.7671875,0
2025-06-23,000660.KS,SK하이닉스,251491.30750240848,261949.36187379577,247507.28678949905,258463.34375,3398736,19.829999923706055,89.28570468102043,250594.90625,226816.94140625,0
2025-06-24,000660.KS,SK하이닉스,268921.39362657093,281869.4607271095,268423.39104578097,277387.4375,5436312,17.479999542236328,91.27906117698006,256471.334375,230744.21796875,0
2025-06-25,000660.KS,SK하이닉스,287845.48415646853,290335.4969951923,282865.458479021,284857.46875,5466598,16.760000228881836,91.01795495929473,264339.771875,234895.86484375,0
2025-06-26,000660.KS,SK하이닉스,293323.5390891638,297307.5599936007,285853.4998933447,291829.53125,5894020,16.59000015258789,91.01795833431969,273702.225,239420.9703125,0
2025-06-27,000660.KS,SK하이닉스,286849.4894366197,293323.52305237675,279877.4532350352,282865.46875,5134863,16.31999969482422,81.24998217311192,279080.65,243224.46484375,0
2025-06-30,000660.KS,SK하이닉스,287347.512895976,293323.5443600171,284857.4997859589,290833.53125,4375298,16.729999542236328,82.5396706820429,285554.6875,247208.4859375,0
2025-07-01,000660.KS,SK하이닉스,289837.4970446585,293323.5150503503,284359.46875,284359.46875,3687981,16.829999923706055,74.8633588410546,286949.09375,251242.30625,0
2025-07-02,000660.KS,SK하이닉스,282367.42893145164,282367.42893145164,273403.38356854836,277885.40625,4702056,16.639999389648438,73.2619766366493,285554.68125,254803.02265625,0
2025-07-03,000660.KS,SK하이닉스,279877.4504039497,282865.4658886894,275893.42975763016,277387.4375,3642140,16.3799991607666,72.87231219628123,282666.2625,257840.83828125,0
2025-07-04,000660.KS,SK하이닉스,278383.42074861366,280375.43091497227,267925.36737523106,269419.375,3654933,16.3799991607666,62.56980126293442,279977.04375,260131.64921875,0
2025-07-07,000660.KS,SK하이닉스,264937.38030442805,270913.4114391144,263443.37252075644,269917.40625,2523564,17.790000915527344,62.359527290770465,275793.81875,262223.26015625,0
2025-07-08,000660.KS,SK하이닉스,269917.4114583333,283861.484375,267427.3984375,280873.46875,3119395,16.809999465942383,68.20510171869012,275096.61875,264787.97421875,0
2025-07-09,000660.KS,SK하이닉스,281371.4765903025,282865.48443060496,276391.4504559609,279877.46875,2626484,15.9399995803833,67.85712970787519,275495.03125,266829.7859375,0
2025-07-10,000660.KS,SK하이닉스,282865.46422558924,295813.53125,282367.46164772724,295813.53125,4556065,15.779999732971191,69.41744881559725,279180.25,269892.5015625,0
2025-07-11,000660.KS,SK하이닉스,298303.52546689304,305275.5611205433,290833.48726655345,293323.5,3732533,16.399999618530273,66.9902587304822,283961.075,272830.715625,0
2025-07-14,000660.KS,SK하이닉스,291331.5234375,301291.5755208333,291331.5234375,298801.5625,2936976,17.200000762939453,62.0111590835473,289737.90625,275420.3296875,0
2025-07-15,000660.KS,SK하이닉스,294817.54941373534,297307.5625,288841.51800670015,297307.5625,4196196,17.3799991607666,57.48503286513402,293024.725,277885.44296875,0
2025-07-16,000660.KS,SK하이닉스,297307.5441828547,298303.5493559966,291331.51314400334,294817.53125,3123297,17.15999984741211,51.898720603549144,296012.7375,280350.55546875,0
2025-07-17,000660.KS,SK하이닉스,282367.4464285714,288343.47704081633,266929.3673469388,268423.375,9328322,16.520000457763672,42.48704915906101,290534.70625,281520.8609375,0
2025-07-18,000660.KS,SK하이닉스,268921.3801115242,273901.405669145,265933.36477695167,267925.375,5359504,16.40999984741211,37.07865010098261,285455.08125,282118.4625,0
2025-07-21,000660.KS,SK하이닉스,266431.3804472477,273403.41657110094,265435.37528669724,271411.40625,2424891,16.649999618530273,42.44187361592989,279977.05,282765.865625,0
2025-07-22,000660.KS,SK하이닉스,271909.42981843575,272407.43243715086,265933.39839385473,267427.40625,3139858,16.5,43.71261265052636,274001.01875,282267.8640625,0
2025-07-23,000660.KS,SK하이닉스,266431.36733271374,269917.38522304833,263443.35199814127,267925.375,3116279,15.369999885559082,44.311373870488715,268622.5875,281421.259375,0
2025-07-24,000660.KS,SK하이닉스,275893.41326530615,277885.42346938775,267925.3724489796,268423.375,3667144,15.390000343322754,49.34210906556864,268622.5875,280250.9515625,0
2025-07-25,000660.KS,SK하이닉스,271909.4111842105,273901.4215225564,264439.37241541356,264937.375,2171063,14.930000305175781,46.835439518869094,268024.9875,279354.546875,0
2025-07-28,000660.KS,SK하이닉스,259957.3697519084,264439.3933683206,257467.3566316794,260953.375,2877357,15.029999732971191,36.11111232157993,265933.38125,277860.5390625,0
2025-07-29,000660.KS,SK하이닉스,253483.30279761905,263941.35654761904,253483.30279761905,261451.34375,2944177,15.979999542236328,37.06290606961908,264738.16875,276715.1328125,0
2025-07-30,000660.KS,SK하이닉스,261949.34120018975,264937.3564990512,259459.3284511385,262447.34375,2482807,15.479999542236328,20.35394740933907,263642.5625,275943.2296875,0
2025-07-31,000660.KS,SK하이닉스,269917.39339579525,272905.40882084094,264439.36511654477,272407.40625,3472644,16.719999313354492,33.59374885099987,264439.36875,275694.228125,0
2025-08-01,000660.KS,SK하이닉스,264937.3854166666,265933.390625,255973.33854166666,256969.34375,3227394,20.3799991607666,21.621581514303145,262845.7625,275071.7265625,0
2025-08-04,000660.KS,SK하이닉스,253483.3255208333,258961.35416666666,252985.32291666666,256969.34375,2281558,17.520000457763672,22.068922837771098,262048.95625,274424.3234375,0
2025-08-05,000660.KS,SK하이닉스,262945.3462998102,263443.3488496205,259459.3284511385,262447.34375,2118171,17.850000381469727,28.476768076384758,262248.15625,273503.0171875,0
2025-08-06,000660.KS,SK하이닉스,259459.33840062862,259459.33840062862,256471.32298718567,257467.328125,1374559,16.770000457763672,39.81479195034082,261252.153125,272382.51015625,0
2025-08-07,000660.KS,SK하이닉스,256969.35400763358,261949.38024809162,249001.31202290076,260953.375,2724438,16.56999969482422,43.85966602246149,258961.346875,270639.50234375,0
2025-08-08,000660.KS,SK하이닉스,260953.37256335284,264937.39351851854,254479.33851120857,255475.34375,2676174,15.149999618530273,36.44066084076549,258662.546875,268747.09453125,0
2025-08-11,000660.KS,SK하이닉스,259459.34152621723,266431.3775749064,258961.33895131087,265933.375,2415473,16.25,48.85494117230035,260455.353125,267103.68515625,0
2025-08-12,000660.KS,SK하이닉스,266929.36988847586,274897.41078066913,266431.36733271374,267925.375,3008648,14.729999542236328,50.0,261550.959375,265634.57578125,0
2025-08-13,000660.KS,SK하이닉스,276889.40625,277885.41130845324,272905.386016187,276889.40625,3472694,14.489999771118164,55.629141136928055,265435.375,264738.16953125,0
2025-08-14,000660.KS,SK하이닉스,276391.47406193486,276391.47406193486,269419.4368783906,275395.46875,2101050,14.829999923706055,57.1429028796234,268323.79375,265086.77421875,0
2025-08-18,000660.KS,SK하이닉스,270913.42990654206,270913.42990654206,265933.40362149535,266431.40625,1993220,14.989999771118164,53.503193496298906,270515.00625,265012.07578125,0
2025-08-19,000660.KS,SK하이닉스,267427.3878029943,268921.39555608365,260455.35162191067,261949.359375,1709646,15.569999694824219,50.3030386006506,269718.203125,264538.9734375,0
2025-08-20,000660.KS,SK하이닉스,253483.30736301368,255973.32020547945,249997.28938356164,254479.3125,3571545,15.6899995803833,45.50561936389083,267028.990625,263891.56875,0
2025-08-21,000660.KS,SK하이닉스,245515.27337372449,249997.29661989794,244021.265625,244021.265625,6301130,16.600000381469727,34.07819760211501,260455.3625,262696.36328125,0
2025-08-22,000660.KS,SK하이닉스,244519.2531748008,251491.28890687253,244519.2531748008,249997.28125,3064062,14.220000267028809,45.62497793918667,255375.725,261775.05859375,0
2025-08-25,000660.KS,SK하이닉스,254977.32562620426,260455.35410645473,252985.31526974952,258463.34375,3183709,14.789999961853027,50.847454021790455,253782.1125,261451.35703125,0
2025-08-26,000660.KS,SK하이닉스,258463.33347275335,261451.34888862332,255973.32062619503,260455.34375,2050625,14.619999885559082,48.82353462289767,253483.309375,261426.45546875,0
2025-08-27,000660.KS,SK하이닉스,257965.3385817308,259957.34891826924,254977.3230769231,258961.34375,2801594,14.850000381469727,50.92025094900849,254379.715625,261301.95546875,0
2025-08-28,000660.KS,SK하이닉스,253350.72136871508,267813.65625,252353.2775837989,267813.65625,3836024,14.430000305175781,53.96361896508143,259138.19375,261570.27109375,0
2025-08-29,000660.KS,SK하이닉스,267314.9312267658,269309.8187732342,265320.0436802974,268312.375,1892127,15.359999656677246,57.869559020399535,262801.2125,261365.51953125,0
2025-09-01,000660.KS,SK하이닉스,258836.66262817383,260332.82830810547,254348.1655883789,255345.609375,1837054,15.359999656677246,43.70300956252441,262177.665625,261284.3328125,0
2025-09-02,000660.KS,SK하이닉스,255345.6122840691,260831.55317298463,255345.6122840691,259834.109375,1584710,17.170000076293945,45.3265632527288,262053.41875,261427.57109375,0
2025-09-03,000660.KS,SK하이닉스,258836.65312499998,264821.315625,257091.1265625,261828.984375,2437896,16.350000381469727,40.539625886762536,262626.946875,261396.653125,0
2025-09-04,000660.KS,SK하이닉스,266317.5095338983,270307.2849576271,263823.8998940678,264821.34375,2189959,15.300000190734863,43.48047409969535,262028.484375,261764.35390625,0
2025-09-05,000660.KS,SK하이닉스,272302.15310786106,274297.04067641683,271304.70932358317,272800.875,3103427,15.180000305175781,53.97538814172941,262926.184375,262356.72890625,0
2025-09-08,000660.KS,SK하이닉스,277788.1032265343,278286.8251353791,273299.6060469314,276291.9375,2018299,15.109999656677246,59.06377926492076,267115.45,263397.55859375,0
2025-09-09,000660.KS,SK하이닉스,277289.37456597225,287762.5343967014,276291.93077256944,287263.8125,4158342,15.039999961853027,69.84002469072297,272601.390625,264464.08046875,0
2025-09-10,000660.KS,SK하이닉스,293747.1904296875,304220.3500205592,292251.0247738487,303222.90625,5265553,15.350000381469727,83.5902801529748,280880.175,266228.95703125,0
2025-09-11,000660.KS,SK하이닉스,309207.5814332247,314194.80048859934,304719.08428338764,306215.25,5148088,14.710000038146973,83.01520959719049,289158.95625,267695.24921875,0
2025-09-12,000660.KS,SK하이닉스,321176.89668949775,328657.72502853884,318184.5653538813,327660.28125,4242516,14.760000228881836,85.26193303949212,300130.8375,270308.48984375,0
2025-09-15,000660.KS,SK하이닉스,338632.178766994,340627.06641805137,324169.2432968278,330153.90625,4221256,15.6899995803833,85.33689730446034,310903.23125,273494.61484375,0
2025-09-16,000660.KS,SK하이닉스,330652.6150323276,353095.1002155172,330652.6150323276,347110.4375,5841135,16.360000610351562,88.63388213148146,322872.55625,277752.66875,0
2025-09-17,000660.KS,SK하이닉스,340128.3283358321,341624.4940029985,332647.5,332647.5,4498866,15.720000267028809,77.08333333333333,328757.475,281661.078125,0
2025-09-18,000660.KS,SK하이닉스,337634.73615506326,356087.4469936709,335639.84849683545,354591.28125,4526286,15.699999809265137,80.5653740369044,338432.68125,287189.57890625,0
2025-09-22,000660.KS,SK하이닉스,348107.8936075499,358082.3318198006,344367.47927795583,350102.78125,4377563,16.100000381469727,85.71428403168201,342921.18125,292194.85390625,0
2025-09-23,000660.KS,SK하이닉스,354591.2777441136,362072.10638850415,352097.6681959834,360077.21875,3315336,16.639999389648438,86.28158640604714,348905.84375,297275.54765625,0
2025-09-24,000660.KS,SK하이닉스,358082.3219405594,363069.5409090909,347609.1621066433,356586.15625,4165199,16.18000030517578,83.92856563410565,350800.9875,302082.08828125,0
2025-09-25,000660.KS,SK하이닉스,351100.221598878,358082.3282784011,348606.61207047687,355588.71875,2148215,16.739999771118164,82.97100922829915,355389.23125,306913.45703125,0
2025-09-26,000660.KS,SK하이닉스,346611.72571508173,348107.89143759286,332148.790397474,335639.84375,3685324,15.289999961853027,70.9999997911328,351598.94375,310304.76640625,0
2025-09-29,000660.KS,SK하이닉스,338632.15920487104,350102.76253581664,338133.4373209169,348107.875,2275986,16.1200008392334,72.64150460079361,351199.9625,314294.54140625,0
2025-09-30,000660.KS,SK하이닉스,352097.65962230216,355588.7129046763,346611.71875,346611.71875,2238614,16.280000686645508,69.89966618263952,348506.8625,318857.846875,0
2025-10-01,000660.KS,SK하이닉스,350102.75625,361074.6375,350102.75625,359079.75,2802437,16.290000915527344,69.17808086896791,349005.58125,323820.12890625,0
2025-10-02,000660.KS,SK하이닉스,387506.8938053097,403465.9936788875,383018.396965866,394489.0,7430763,16.6299991607666,74.78991286899739,356785.6375,330453.1296875,0
2025-10-10,000660.KS,SK하이닉스,424911.0499415888,438127.1800160631,415435.3340391355,426905.9375,6835852,21.65999984741211,76.25329854563918,375038.85625,338557.359375,0
2025-10-13,000660.KS,SK하이닉스,404463.47115963855,414437.90941265057,401969.86159638554,413939.1875,4356534,19.030000686645508,71.00000485616432,388205.11875,345614.275,0
2025-10-14,000660.KS,SK하이닉스,423913.61634264886,435384.2200789794,405460.90598420415,410448.125,4101275,20.809999465942383,67.02413206413715,400972.4,352322.084375,0
2025-10-15,000660.KS,SK하이닉스,409450.674556213,422916.1656804734,405959.62130177516,421420.0,2688019,20.639999389648438,74.31694410061239,413440.45,359029.89375,0
2025-10-16,000660.KS,SK하이닉스,419923.8332872928,453836.921961326,419425.1113950276,451343.3125,4247934,25.309999465942383,75.39267187467962,424811.3125,366435.9140625,0
2025-10-17,000660.KS,SK하이닉스,450345.8804041353,473785.8099489796,448350.99278329755,464310.09375,4541583,20.780000686645508,78.69674669581386,432292.14375,374340.65625,0
2025-10-20,000660.KS,SK하이닉스,476279.4182865603,484258.96875,464310.0925914006,484258.96875,3333903,18.229999542236328,79.71360856557232,446356.1,382170.590625,0
2025-10-21,000660.KS,SK하이닉스,495729.5502348643,500716.7690501044,476778.118736952,477775.5625,4126858,17.8700008392334,78.58823519004538,459821.5875,389551.6734375,0
2025-10-22,000660.KS,SK하이닉스,473785.80282969883,480767.90939771547,467801.1400571132,480269.1875,3870276,18.600000381469727,79.20560662148205,471591.425,396209.6109375,0
2025-10-23,000660.KS,SK하이닉스,468798.6024033438,487251.3133490073,466803.7147335423,477276.875,3583993,17.299999237060547,86.04061620083701,476778.1375,403441.0796875,0
2025-10-24,000660.KS,SK하이닉스,491739.7989583333,511688.6751838235,490243.63324142154,508696.34375,4254202,16.3700008392334,87.26852540152191,485655.3875,411146.3328125,0
2025-10-27,000660.KS,SK하이닉스,531637.5498831775,535627.3251168224,521663.11179906543,533632.4375,3381231,15.789999961853027,89.14405286268696,495530.08125,420322.815625,0
2025-10-28,000660.KS,SK하이닉스,519668.21875,525652.8815379079,507698.89317418425,519668.21875,5659008,16.420000076293945,83.40249135270173,503908.6125,428302.365625,0
2025-10-29,000660.KS,SK하이닉스,536624.7495519713,557571.0687724014,521663.0929659498,556573.625,4803031,16.920000076293945,83.50515570471117,519169.5,438301.7390625,0
2025-10-30,000660.KS,SK하이닉스,556573.6247799296,577519.9439920775,550588.9621478873,566548.0625,4888461,16.90999984741211,81.81818181818181,537023.7375,448849.70625,0
2025-10-31,000660.KS,SK하이닉스,555576.1749776386,564553.1688282648,550588.9561717352,557571.0625,3351809,17.440000534057617,83.33332366355435,546798.68125,459946.2671875,0
2025-11-03,000660.KS,SK하이닉스,555576.2248991935,622404.9629032258,553581.3371975806,618415.1875,5787058,17.170000076293945,88.11699923135345,563755.23125,473461.6328125,0
2025-11-04,000660.KS,SK하이닉스,609438.1573165529,612430.4886945393,581509.7311220136,584502.0625,5969769,19.0,77.5716602826575,576722.0,485356.15,0
2025-11-05,000660.KS,SK하이닉스,561560.8373272885,585499.4875863558,530640.0807426597,577519.9375,8976222,18.010000228881836,73.12612948632886,580911.2625,496278.159375,0
2025-11-06,000660.KS,SK하이닉스,600461.1819139966,605448.4010328837,581509.7492622259,591484.1875,5321244,19.5,73.22403305076921,585898.4875,506127.91875,0
2025-11-07,000660.KS,SK하이닉스,575525.1059267242,597468.8707974138,563555.7796336206,578517.4375,4789397,19.079999923706055,67.66354853402791,590087.7625,513708.49375,0
2025-11-10,000660.KS,SK하이닉스,582507.1740924092,613427.9316212871,579514.8427186469,604450.9375,4893645,17.600000381469727,72.12543253520595,587294.9125,523234.08125,0
2025-11-11,000660.KS,SK하이닉스,620410.0187802908,644348.6690226172,602456.0310985461,617417.6875,5508697,17.280000686645508,73.1092374142056,593878.0375,533582.559375,0
2025-11-12,000660.KS,SK하이닉스,603453.4871353323,618415.143841167,599463.7120137764,615422.8125,2831484,17.510000228881836,73.35580998141539,601458.6125,543282.7,0
2025-11-13,000660.KS,SK하이닉스,605448.4058415033,620410.0633169934,605448.4058415033,610435.625,3875541,20.0,68.88889017819275,605248.9,551237.315625,0
2025-11-14,000660.KS,SK하이닉스,577519.9958705357,583504.6590401785,558568.5625,558568.5625,5778374,19.829999923706055,54.208759216794284,601259.125,555950.2390625,0
2025-11-17,000660.KS,SK하이닉스,586496.9492574257,604450.9375,582507.1740924092,604450.9375,4470947,22.3799991607666,62.91793411482068,601259.125,561959.8375,0
2025-11-18,000660.KS,SK하이닉스,581509.7062499999,589489.25625,568542.9375,568542.9375,3544391,24.690000534057617,51.82926631242019,591484.175,566498.20625,0
2025-11-19,000660.KS,SK하이닉스,561560.8813389679,568542.9882117438,544604.3360765125,560563.4375,4529736,23.65999984741211,49.079760261373686,580512.3,570512.91875,0
2025-11-20,000660.KS,SK하이닉스,593479.0898642732,595473.977561296,568542.9936514887,569540.4375,4670237,26.420000076293945,51.84049869816744,572333.2625,575126.096875,0
2025-11-21,000660.KS,SK하이닉스,516675.88735604606,529642.6567298464,512686.1121641075,519668.21875,6646712,23.43000030517578,34.28570519217233,564553.19375,575674.690625,0
2025-11-24,000660.KS,SK하이닉스,529642.6631610576,540614.5450721154,515678.4498197115,518670.78125,6399162,20.520000457763672,38.297869031074455,547397.1625,574926.6078125,0
2025-11-25,000660.KS,SK하이닉스,544604.3269508671,548594.1022398844,516675.8999277457,517673.34375,3716730,18.559999465942383,39.13043527615158,537223.24375,574826.8640625,0
2025-11-26,000660.KS,SK하이닉스,511688.6804627863,526650.3377862596,499719.3546040077,522660.5625,5127393,17.190000534057617,37.07864232446398,529642.66875,573131.2109375,0
2025-11-27,000660.KS,SK하이닉스,534014.638671875,554975.9609375,532018.322265625,542998.0625,3654092,17.190000534057617,43.51097474337231,524334.19375,571953.7109375,0
2025-11-28,000660.KS,SK하이닉스,549985.1333726415,550983.291509434,529023.8125,529023.8125,2680138,16.350000381469727,35.59059580037639,526205.3125,570526.3484375,0
2025-12-01,000660.KS,SK하이닉스,541001.6949349443,543996.1692611524,524033.0070864312,537009.0625,3134704,17.239999771118164,34.340902302531404,529872.96875,566456.0421875,0
2025-12-02,000660.KS,SK하이닉스,546990.6684587813,557970.4081541218,541001.7195340502,556972.25,2686580,16.59000015258789,39.36162395204132,537732.75,565079.5515625,0
2025-12-03,000660.KS,SK하이닉스,548986.9961503623,557970.4197237319,542998.0471014493,550983.3125,2586619,16.079999923706055,39.218613353619816,543397.3,563752.7203125,0
2025-12-04,000660.KS,SK하이닉스,541001.75,541999.908210332,531020.1678966789,541001.75,2858305,15.779999732971191,46.24370875442024,542998.0375,561228.5984375,0
2025-12-05,000660.KS,SK하이닉스,529023.84765625,544994.37890625,526029.373046875,542998.0625,3204933,15.40999984741211,33.82357731629382,545792.8875,559452.6296875,0
2025-12-08,000660.KS,SK하이닉스,541999.87305026,578931.7244367418,532018.2915944541,575937.25,4288433,16.65999984741211,51.97733210501826,553578.525,558026.9453125,0
2025-12-09,000660.KS,SK하이닉스,567951.9743816254,573940.9231448763,562961.183745583,564957.5,2391174,16.93000030517578,51.15647070899279,555175.575,555403.9359375,0
2025-12-10,000660.KS,SK하이닉스,569948.2826873935,591907.7611797274,568950.1245741056,585918.8125,3986083,15.770000457763672,54.054824788751574,562162.675,553928.7359375,0
2025-12-11,000660.KS,SK하이닉스,581926.2223451327,587915.1714601769,563959.375,563959.375,4021907,14.850000381469727,62.72377661363256,566754.2,551604.9234375,0
2025-12-12,000660.KS,SK하이닉스,563959.3635070053,577933.577823993,558968.5726795096,569948.3125,2646148,15.739999771118164,64.32011022659182,572144.25,552173.9109375,0
2025-12-15,000660.KS,SK하이닉스,534014.6198104693,562462.1275947653,534014.6198104693,552979.625,2482125,16.5,59.05235732053666,567552.725,549600.3453125,0
2025-12-16,000660.KS,SK하이닉스,543996.1845518867,549985.1333726415,529023.8125,529023.8125,3287998,16.479999542236328,51.48687874633216,560365.9875,547624.3890625,0
2025-12-17,000660.KS,SK하이닉스,529023.8044464609,552979.5993647913,524033.0138384755,549985.125,2692626,17.6200008392334,51.62789708832811,553179.25,547095.4734375,0
2025-12-18,000660.KS,SK하이닉스,537009.0980525363,561963.0524230073,536010.9398777174,550983.3125,2959059,16.8700008392334,55.445551613337194,550584.0375,546167.6171875,0
2025-12-19,000660.KS,SK하이닉스,567951.978976234,568950.1371115174,545992.5,545992.5,3440005,14.90999984741211,52.26131048555207,545792.875,547483.83125,0
2025-12-22,000660.KS,SK하이닉스,572942.800862069,578931.75,565955.6935344827,578931.75,2878464,14.079999923706055,55.18868481802566,550983.3,550496.8796875,0
2025-12-23,000660.KS,SK하이닉스,583922.5331763698,591907.7985873288,579929.9004708905,582924.375,2011188,14.0,57.6190488969116,561763.4125,553759.43125,0
2025-12-24,000660.KS,SK하이닉스,585918.8418367347,589911.474489796,582924.3673469388,586917.0,2160697,13.470000267028809,61.274504387370364,569149.7875,556972.253125,0
2025-12-26,000660.KS,SK하이닉스,592905.9590984975,603885.699081803,588913.3263772955,597896.75,4243548,13.600000381469727,62.91079549980995,578532.475,559717.1875,0
2025-12-29,000660.KS,SK하이닉스,628839.66796875,638821.25,623848.876953125,638821.25,4176151,14.199999809265137,64.25339879325273,597098.225,565207.059375,0
2025-12-30,000660.KS,SK하이닉스,637823.0400345622,657786.2024769585,632832.2494239631,649800.9375,4094603,14.329999923706055,69.23076923076923,611272.0625,570846.653125,0
2026-01-02,000660.KS,SK하이닉스,649800.9507939438,677749.3787850812,645808.3182237814,675753.0625,4181895,14.510000228881836,69.91150736699785,629837.8,576785.69375,0
2026-01-05,000660.KS,SK하이닉스,696714.3787715518,698710.6950431034,682740.1648706896,694718.0625,4337511,14.899999618530273,79.37218459219599,651398.0125,583972.43125,0
2026-01-06,000660.KS,SK하이닉스,688729.1193181819,725660.9706439395,669764.1145833334,724662.8125,4830275,14.75,81.37650764743371,676751.225,593155.484375,0
2026-01-07,000660.KS,SK하이닉스,758600.2223719676,760596.5387466308,726659.1603773584,740633.375,5693115,15.380000114440918,88.21137093916848,697113.65,603037.25,0
2026-01-08,000660.KS,SK하이닉스,729653.6087136244,786548.6233465609,729653.6087136244,754607.5625,6496379,15.449999809265137,97.88134716318135,718074.975,611970.765625,0
2026-01-09,000660.KS,SK하이닉스,742629.6875,754607.5856854839,725660.9984038979,742629.6875,4343703,14.489999771118164,92.51101491706504,731450.3,620854.375,0
2026-01-12,000660.KS,SK하이닉스,753609.38626502,760596.4931575434,733646.2237149533,747620.4375,3329793,15.119999885559082,92.64069205397821,742030.775,628939.45625,0
2026-01-13,000660.KS,SK하이닉스,751613.1229674798,752611.2811653117,722666.5352303523,736640.75,3771944,15.979999542236328,90.29538596158429,744426.3625,637573.525,0
2026-01-14,000660.KS,SK하이닉스,731649.9513140161,748618.6404986522,726659.1603773584,740633.375,4885051,16.75,88.94233605910891,744426.3625,646107.778125,0
2026-01-15,000660.KS,SK하이닉스,730651.7493324432,748618.5956275034,725660.9586949266,747620.4375,3003414,15.84000015258789,89.09955222582846,743028.9375,655839.81875,0
2026-01-16,000660.KS,SK하이닉스,749616.7717427249,761594.6695601853,745624.1391369049,754607.5625,3712326,15.859999656677246,89.2523636572177,745424.5125,667119.00625,0
2026-01-19,000660.KS,SK하이닉스,753609.3893160995,772574.393815445,748618.598658377,762592.8125,3392008,15.859999656677246,89.09955222582846,748418.9875,677749.390625,0
2026-01-20,000660.KS,SK하이닉스,762592.8209959624,762592.8209959624,735642.5511440107,741631.5,2762369,20.09000015258789,76.96336966556166,749417.1375,687281.8,0
2026-01-21,000660.KS,SK하이닉스,727657.3223817567,754607.593581081,726659.1641891892,738637.0625,5108442,16.899999618530273,74.31697896807094,749017.875,696914.028125,0
2026-01-22,000660.KS,SK하이닉스,764589.1776490066,771576.2850165563,749616.8047185431,753609.4375,3545309,15.640000343322754,72.67445670217785,750215.675,705647.9125,0
2026-01-23,000660.KS,SK하이닉스,752611.2563559322,774570.7359843546,742629.6747066493,765587.3125,3508272,16.09000015258789,71.51518670397786,752411.625,714781.059375,0
2026-01-26,000660.KS,SK하이닉스,751613.0630095109,752611.2211277174,734644.375,734644.375,3133330,16.149999618530273,53.01204592047467,746821.9375,722167.428125,0
2026-01-27,000660.KS,SK하이닉스,736640.69625,798526.5,731649.905625,798526.5,5660198,16.350000381469727,63.551404603694316,758200.9375,732198.915625,0
2026-01-28,000660.KS,SK하이닉스,808508.0975029727,852427.0558858502,801520.9904875149,839451.0,6708497,16.350000381469727,67.63486663055241,778363.725,742230.403125,0
2026-01-29,000660.KS,SK하이닉스,877381.0346254356,882371.8254936121,817491.544207317,859414.1875,6837983,16.8799991607666,73.49398741657572,799524.675,752711.065625,0
2026-01-30,000660.KS,SK하이닉스,852427.0522552255,929285.2290979098,851428.8941144114,907325.75,7875195,17.440000534057617,77.39727275826849,827872.3625,764289.7,0
2026-02-02,000660.KS,SK하이닉스,868397.5753012048,886364.421686747,828471.25,828471.25,7634191,16.34000015258789,62.777772946347355,846637.7375,770977.359375,0
2026-02-03,000660.KS,SK하이닉스,872390.2187155458,905329.4375,869395.7442805954,905329.4375,5272538,18.0,69.05311587929211,867998.325,780010.690625,0
2026-02-04,000660.KS,SK하이닉스,882371.7825,904331.26125,881373.624375,898342.3125,3800763,18.639999389648438,67.43648810453433,879776.5875,787896.1375,0
2026-02-05,000660.KS,SK하이닉스,849432.6111193587,875384.723797506,836456.5547802851,840449.1875,5473720,21.770000457763672,58.884300835112604,875983.5875,792188.21875,0
2026-02-06,000660.KS,SK하이닉스,803517.3104141835,848434.4271454111,789543.0963200238,837454.6875,5581574,20.3700008392334,57.82881152184792,862009.375,796929.46875,0
2026-02-09,000660.KS,SK하이닉스,896346.0525648252,897344.2107525365,871392.0978720406,885366.3125,4228584,17.360000610351562,64.22925177534859,873388.3875,803816.7625,0
2026-02-10,000660.KS,SK하이닉스,892353.4096746575,903333.1496147261,874386.5625,874386.5625,3441377,17.790000915527344,63.229568950793855,867199.8125,810704.053125,0
2026-02-11,000660.KS,SK하이닉스,858416.0,872390.2139534884,846438.1023255814,858416.0,3125590,17.649999618530273,60.19416826497828,859214.55,816593.184375,0
2026-02-12,000660.KS,SK하이닉스,880375.488597973,892353.386402027,876382.8559966217,886364.4375,4619344,20.81999969482422,61.39359276747174,868397.6,823530.384375,0
2026-02-13,000660.KS,SK하이닉스,887362.6110085228,901336.8253551137,876382.8711647728,878379.1875,3534047,20.600000381469727,64.17322946257693,876582.5,829718.965625,0
2026-02-19,000660.KS,SK하이닉스,903333.1145134228,911318.3796140939,886364.4261744966,892353.375,3285109,20.229999542236328,60.26200819631789,877979.9125,836206.99375,0
2026-02-20,000660.KS,SK하이닉스,890357.0492623815,953241.0112618547,879377.309865648,947252.0625,5054333,19.09000015258789,61.44067509930564,892553.0125,846488.021875,0
2026-02-23,000660.KS,SK하이닉스,978195.0249737118,978195.0249737118,939266.8556125131,949248.4375,3523887,21.010000228881836,59.911894455399825,910719.5,857018.590625,0
2026-02-24,000660.KS,SK하이닉스,950246.5557213931,1003148.9375,944257.6068407961,1003148.9375,4102382,19.549999237060547,60.434781720954824,934076.4,869495.565625,0
2026-02-25,000660.KS,SK하이닉스,1010136.0510805501,1036088.1630648329,1002150.7858546169,1016125.0,3462525,17.93000030517578,73.85786640688197,961625.5625,882022.45,0
2026-02-26,000660.KS,SK하이닉스,1024000.0,1099000.0,1023000.0,1099000.0,4461976,18.6299991607666,74.25179525155436,1002954.8875,900240.23125,0
2026-02-27,000660.KS,SK하이닉스,1050000.0,1096000.0,1048000.0,1061000.0,6453062,19.860000610351562,68.90031975935621,1025704.475,913363.90625,0
2026-03-03,000660.KS,SK하이닉스,1022000.0,1040000.0,939000.0,939000.0,6818327,23.56999969482422,59.966487897529575,1023654.7875,918341.35625,0
2025-03-31,005380.KS,현대자동차,192262.72014452334,193320.69409229208,189281.15720081137,189665.875,936571,22.280000686645508,51.351355801411835,203265.640625,194792.2328125,0
2025-04-01,005380.KS,현대자동차,191397.12408736153,192839.81597746728,188607.91976649043,191012.40625,641043,21.770000457763672,50.34485656185402,199149.165625,195191.37890625,0
2025-04-02,005380.KS,현대자동차,191204.73611818644,191493.27445236882,188319.3527763627,188800.25,615215,21.510000228881836,45.91304072663081,194205.540625,195268.32265625,0
2025-04-03,005380.KS,현대자동차,183702.74114744583,187069.02174438856,181875.33168053406,186395.765625,954824,30.020000457763672,45.91304072663081,190608.43125,195085.58125,0
2025-04-04,005380.KS,현대자동차,183991.29024374348,188992.62170881126,182356.23957247133,184472.1875,810211,45.310001373291016,43.898302051223446,188069.296875,194854.75078125,0
2025-04-07,005380.KS,현대자동차,177643.45580332217,178220.5325411781,172065.04733738134,172257.40625,1244441,46.97999954223633,34.757853812063914,184587.603125,193974.71015625,0
2025-04-08,005380.KS,현대자동차,174469.51025390625,176777.81689453125,170718.51196289062,172353.5625,1082825,52.33000183105469,31.43712021463756,180855.834375,193186.03828125,0
2025-04-09,005380.KS,현대자동차,170718.52462254214,173988.62593925564,170526.165721559,171199.421875,689621,33.619998931884766,31.578938368044533,177335.66875,192214.6265625,0
2025-04-10,005380.KS,현대자동차,184376.01244151068,185530.16588402406,179374.6808572861,179855.578125,1426032,40.720001220703125,37.67124720485394,176027.63125,191541.37109375,0
2025-04-11,005380.KS,현대자동차,174854.23177816902,176008.38512323945,169083.4650528169,170718.515625,1647599,37.560001373291016,26.17448596068415,173276.896875,190531.48671875,0
2025-04-14,005380.KS,현대자동차,171584.13496932515,173411.54447852762,170718.5199386503,172449.75,536959,30.889999389648438,20.634931425924435,173315.365625,189584.11875,0
2025-04-15,005380.KS,현대자동차,178316.7068683155,181971.52610294116,176681.65615808824,179855.578125,1052017,30.1200008392334,26.666681107261482,174815.76875,188934.90859375,0
2025-04-16,005380.KS,현대자동차,178124.34328563567,179278.4966978536,174373.34469592737,174758.0625,593391,32.63999938964844,28.2486064977178,175527.496875,187862.50859375,0
2025-04-17,005380.KS,현대자동차,175623.67755916348,177547.2665795267,174565.70359796367,174758.0625,522233,29.649999618530273,31.595594215515106,174507.99375,186862.2421875,0
2025-04-18,005380.KS,현대자동차,175816.02627537394,181105.8957749065,174277.1551482372,180047.921875,664774,29.649999618530273,41.8032745408801,176373.875,186006.2453125,0
2025-04-21,005380.KS,현대자동차,180336.45263280833,181586.78537106246,178412.86380472506,180144.09375,352360,33.81999969482422,40.535982131389154,177912.74375,184770.33828125,0
2025-04-22,005380.KS,현대자동차,178989.9597588901,180528.83098733836,178124.34469288794,178509.0625,392723,30.56999969482422,40.94754978712923,177643.440625,183116.05234375,0
2025-04-23,005380.KS,현대자동차,181682.97918585525,183125.67092105263,180240.2874506579,182740.953125,607448,28.450000762939453,46.88524843388883,179240.01875,181577.18125,0
2025-04-24,005380.KS,현대자동차,183798.9323137242,183895.11176548438,179374.67753275545,181682.984375,642753,26.469999313354492,47.58735301503497,180625.003125,180442.26484375,0
2025-04-25,005380.KS,현대자동차,183702.76052701272,183702.76052701272,181394.4535884534,181586.8125,528739,24.84000015258789,60.21053733225896,180932.78125,179663.2125,0
2025-04-28,005380.KS,현대자동차,180913.5412202381,182837.13017526455,179855.56729497356,181779.15625,450993,25.149999618530273,60.29413571567041,181259.79375,179268.8765625,0
2025-04-29,005380.KS,현대자동차,185337.80492252336,186588.1378047199,182452.42134822355,185433.984375,594224,24.170000076293945,64.74104642899214,182644.778125,178989.95546875,0
2025-04-30,005380.KS,현대자동차,185337.79969504196,185914.8763936254,182933.31345094438,183318.03125,429791,24.700000762939453,54.14745914154668,182760.19375,178715.84453125,0
2025-05-02,005380.KS,현대자동차,182933.31058606124,183221.8489308342,181009.72162090812,182163.875,464020,22.68000030517578,66.95159108255079,182856.371875,178504.25,0
2025-05-07,005380.KS,현대자동차,184087.44363006396,184087.44363006396,179374.6511860341,180432.625,666181,23.549999237060547,61.82333953847449,182625.534375,178302.271875,0
2025-05-08,005380.KS,현대자동차,180432.64724746125,181682.9800908605,179951.75,179951.75,543972,22.479999542236328,50.179197695089655,182260.053125,178686.9890625,0
2025-05-09,005380.KS,현대자동차,183895.11413902053,186011.0621050553,182260.06343799367,182644.78125,514047,21.899999618530273,66.14177257289782,181702.2125,179201.55,0
2025-05-12,005380.KS,현대자동차,184568.37621297242,188319.375,184087.47893258426,188319.375,569602,18.389999389648438,72.52401041385525,182702.48125,180057.54765625,0
2025-05-13,005380.KS,현대자동차,189858.24054715302,190435.31726614133,187646.11312436452,189184.984375,462830,18.219999313354492,67.79031732046982,184106.703125,180524.01796875,0
2025-05-14,005380.KS,현대자동차,189665.86694571283,190723.840848554,186876.66302004058,189569.6875,557318,18.6200008392334,68.14819450076956,185934.115625,181466.5765625,0
2025-05-15,005380.KS,현대자동차,187742.26775531363,189377.31824293677,184856.88454186107,185530.140625,469355,17.829999923706055,62.37284999396983,187049.79375,182120.59609375,0
2025-05-16,005380.KS,현대자동차,185914.86839686532,187261.38063564242,185626.33005998452,186395.765625,311743,17.239999771118164,57.307679330378285,187799.990625,182447.60546875,0
2025-05-19,005380.KS,현대자동차,185626.3390052356,185626.3390052356,182740.9554973822,183702.75,378893,18.139999389648438,53.7906090603958,186876.665625,182894.83984375,0
2025-05-20,005380.KS,현대자동차,185433.96853562005,186684.30131101582,182260.046875,182260.046875,422756,18.09000015258789,51.2027096207279,185491.678125,183269.9390625,0
2025-05-21,005380.KS,현대자동차,182260.06682180852,183077.5921875,180240.29827127658,180817.375,558502,20.8700008392334,48.355286361974876,183741.215625,183308.41171875,0
2025-05-22,005380.KS,현대자동차,179855.56709155702,179855.56709155702,174950.41526178728,175431.3125,982354,20.280000686645508,33.85092431285118,181721.45,183072.77265625,0
2025-05-23,005380.KS,현대자동차,175431.31434130072,175527.49378995277,172449.75143308783,173026.828125,829741,22.290000915527344,33.53846199987703,179047.6625,182798.6609375,0
2025-05-26,005380.KS,현대자동차,173219.1762816108,176008.3801195712,172834.45851085763,174950.40625,623947,22.290000915527344,38.73872071875171,177297.19375,182409.13359375,0
2025-05-27,005380.KS,현대자동차,173796.25293774053,174950.40625,173411.53516698736,174950.40625,502985,18.959999084472656,40.952389302394664,175835.265625,182072.5046875,0
2025-05-28,005380.KS,현대자동차,175431.31307154385,179182.31154182355,175431.31307154385,178797.59375,611926,19.309999465942383,48.28571030718244,175431.309375,181933.04375,0
2025-05-29,005380.KS,현대자동차,184842.00785340313,188156.68520942406,181624.8210078534,186206.875,1093538,19.18000030517578,54.64067321863321,177586.421875,182154.4296875,0
2025-05-30,005380.KS,현대자동차,182697.2226625742,182794.7131762682,180649.921875,180649.921875,781444,18.56999969482422,39.97756388921445,179111.040625,181915.2265625,0
2025-06-02,005380.KS,현대자동차,179967.48996263588,180844.9045940897,178505.1322435462,179382.546875,538182,18.360000610351562,37.32329363687357,179997.46875,181718.45234375,0
2025-06-04,005380.KS,현대자동차,180454.9447328629,181819.81195396505,179480.0395749328,181332.359375,577325,17.610000610351562,39.76177372037951,181273.859375,181676.8765625,0
2025-06-05,005380.KS,현대자동차,181332.35710047468,188156.69312038503,181332.35710047468,184842.015625,797915,18.479999542236328,49.13330903554849,182482.74375,181897.34609375,0
2025-06-09,005380.KS,현대자동차,188059.18400846815,193421.1617795753,187474.2409788928,192836.21875,1665140,17.15999984741211,56.87686086447885,183808.6125,182541.56953125,0
2025-06-10,005380.KS,현대자동차,195955.93305837564,196443.3856281726,190886.42633248732,192056.3125,998951,16.950000762939453,59.29953438664556,186089.890625,183012.14609375,0
2025-06-11,005380.KS,현대자동차,194103.60221548507,196443.3744169776,194006.11170708956,195955.921875,649618,17.260000228881836,64.45603665234042,189404.565625,183393.9734375,0
2025-06-12,005380.KS,현대자동차,196443.375,199368.0902605459,195468.46991315135,196443.375,885521,18.020000457763672,66.83271639765218,192426.76875,183756.89296875,0
2025-06-13,005380.KS,현대자동차,194396.0870603015,194786.049120603,191861.33366834171,194006.125,933606,20.81999969482422,71.36669120649692,194259.590625,183978.71484375,0
2025-06-16,005380.KS,현대자동차,193323.67872208435,196930.8275434243,191276.37803970222,196443.375,500547,19.110000610351562,76.91587083045823,194981.021875,184524.3765625,0
2025-06-17,005380.KS,현대자동차,197418.28410823172,202780.26219512196,195468.47389481709,199855.546875,950447,21.600000381469727,77.67969244651104,196540.86875,185197.365625,0
2025-06-18,005380.KS,현대자동차,197418.30059162623,201805.37393810682,195468.49021541263,200830.46875,575644,20.139999389648438,78.15312849933065,197515.778125,186053.7515625,0
2025-06-19,005380.KS,현대자동차,204242.6379830918,206192.44836956522,200343.01721014493,201805.375,538891,20.139999389648438,76.69689115413401,198588.178125,187031.01796875,0
2025-06-20,005380.KS,현대자동차,202780.26785714287,205217.5306919643,200343.00502232145,204730.078125,662635,20.6200008392334,73.9899506029436,200732.96875,188226.653125,0
2025-06-23,005380.KS,현대자동차,200342.99534739452,200830.44789081885,195468.46991315135,196443.375,935001,19.829999923706055,69.10378722501879,200732.96875,189277.25625,0
2025-06-24,005380.KS,현대자동차,201317.9213440534,202780.2791262136,197905.7531856796,200830.46875,718116,17.479999542236328,74.12283522795371,200927.953125,190667.43828125,0
2025-06-25,005380.KS,현대자동차,201317.91759072582,215941.49513968895,200830.46500576037,211554.421875,1789517,16.760000228881836,78.38830236598051,203072.74375,192497.6390625,0
2025-06-26,005380.KS,현대자동차,209117.15065632458,209604.60322195705,202780.26730310262,204242.625,814616,16.59000015258789,67.00855304992297,203560.19375,193962.25,0
2025-06-27,005380.KS,현대자동차,205704.97751524393,205704.97751524393,197905.73666158537,199855.546875,764378,16.31999969482422,56.56935405989786,202585.2875,195015.14765625,0
2025-06-30,005380.KS,현대자동차,199368.10830006143,201805.37123771498,198393.203125,198393.203125,492507,16.729999542236328,55.855862620034344,202975.253125,195624.4640625,0
2025-07-01,005380.KS,현대자동차,198880.64732142858,209117.15122767858,198393.1947544643,204730.078125,1059697,16.829999923706055,57.7586292654458,203755.175,196828.471875,0
2025-07-02,005380.KS,현대자동차,209604.60772833723,212529.32318501172,204730.0819672131,208142.25,1058819,16.639999389648438,59.836075911119984,203072.740625,198266.45703125,0
2025-07-03,005380.KS,현대자동차,209604.60882867133,211554.41914335664,206192.44077797202,209117.15625,562758,16.3799991607666,63.02520714139488,204047.646875,199655.696875,0
2025-07-04,005380.KS,현대자동차,209117.1517963183,211066.96206947745,204730.0786817102,205217.53125,415693,16.3799991607666,57.37705305683189,205120.04375,200674.47265625,0
2025-07-07,005380.KS,현대자동차,204730.07643884892,205217.52900179857,201805.36106115108,203267.71875,398058,17.790000915527344,52.94117805508559,206094.946875,201196.04765625,0
2025-07-08,005380.KS,현대자동차,201805.36381812795,206192.436944609,200343.00610930094,205704.984375,499225,16.809999465942383,54.098350749113706,206289.928125,201878.48125,0
2025-07-09,005380.KS,현대자동차,203267.7198687351,204242.625,200343.00447494033,204242.625,524731,15.9399995803833,52.03250888401732,205510.003125,202292.81640625,0
2025-07-10,005380.KS,현대자동차,204730.07587139425,206192.4335561899,200343.00281700722,202780.265625,719453,15.779999732971191,48.33333244293385,204242.625,202609.6609375,0
2025-07-11,005380.KS,현대자동차,203755.17074819712,206192.4335561899,202292.81306340144,202780.265625,592335,16.399999618530273,56.31068353951356,203755.171875,203048.36796875,0
2025-07-14,005380.KS,현대자동차,203267.72793058757,212529.3270449309,202780.27534562213,211554.421875,1241993,17.200000762939453,59.82142269410866,205412.5125,203803.9203125,0
2025-07-15,005380.KS,현대자동차,211554.41521030807,212041.86777991705,204242.626666173,205704.984375,1111748,17.3799991607666,44.11764336166271,205412.5125,204096.3921875,0
2025-07-16,005380.KS,현대자동차,205704.98042168675,205704.98042168675,202292.8125,202292.8125,492782,17.15999984741211,47.872338974450614,205022.55,204169.509375,0
2025-07-17,005380.KS,현대자동차,203267.72042410716,206679.88839285716,200343.00502232145,204730.078125,611349,16.520000457763672,55.555559512887285,205412.5125,204315.74453125,0
2025-07-18,005380.KS,현대자동차,204730.0786817102,207167.34152315915,203267.72097684085,205217.53125,317353,16.40999984741211,57.95453013930905,205899.965625,204340.1171875,0
2025-07-21,005380.KS,현대자동차,204242.60877691387,205217.51383074163,202780.25119617223,203755.15625,460835,16.649999618530273,48.7179286971509,204340.1125,204705.70625,0
2025-07-22,005380.KS,현대자동차,203755.1848516949,204242.6374470339,199368.11149364407,201317.921875,441603,16.5,40.78949088791048,203462.7,204730.07890625,0
2025-07-23,005380.KS,현대자동차,207654.79138513512,217403.84262387388,207654.79138513512,216428.9375,2832242,15.369999885559082,57.14284842057318,206289.925,204973.8046875,0
2025-07-24,005380.KS,현대자동차,215454.0431034483,219841.11637931035,209117.15948275864,212041.875,1417925,15.390000343322754,56.60378157283093,207752.284375,205363.7671875,0
2025-07-25,005380.KS,현대자동차,209604.61099884525,215454.0420034642,208629.70583140876,211066.96875,665815,14.930000305175781,57.69231717585909,208922.171875,205924.33828125,0
2025-07-28,005380.KS,현대자동차,215941.49678203661,216916.40195938214,210579.51830663614,213016.78125,692799,15.029999732971191,57.281562462363304,210774.496875,206655.5171875,0
2025-07-29,005380.KS,현대자동차,212041.87553755735,213016.78071244268,208629.70742545874,212529.328125,646415,15.979999542236328,58.41585226791262,213016.778125,207045.4796875,0
2025-07-30,005380.KS,현대자동차,210092.05528307174,222278.36939461884,210092.05528307174,217403.84375,1239327,15.479999542236328,63.888894660002116,213211.759375,207508.559375,0
2025-07-31,005380.KS,현대자동차,227152.89986795775,227152.89986795775,206679.89172535212,207654.796875,2956498,16.719999313354492,53.906255869338196,212334.34375,207435.44140625,0
2025-08-01,005380.KS,현대자동차,205704.98325892858,210092.05636160716,204730.078125,204730.078125,1083280,20.3799991607666,43.965507236284715,211066.965625,207411.06875,0
2025-08-04,005380.KS,현대자동차,204730.079235782,207167.342083827,201805.36381812795,205704.984375,651682,17.520000457763672,50.0,209604.60625,207532.93203125,0
2025-08-05,005380.KS,현대자동차,207654.79409144894,209604.60436460807,204242.62611342044,205217.53125,480510,17.850000381469727,53.00000576979665,208142.246875,207508.559375,0
2025-08-06,005380.KS,현대자동차,203755.17354513064,206192.43638657956,203267.72097684085,205217.53125,385330,16.770000457763672,50.52631685499486,205704.984375,207557.3046875,0
2025-08-07,005380.KS,현대자동차,208142.23319852943,209604.59080882353,205704.9705147059,207167.328125,421547,16.56999969482422,52.040804644884254,205607.490625,207776.6578125,0
2025-08-08,005380.KS,현대자동차,207167.328125,208629.68573529413,206192.4230514706,207167.328125,440664,15.149999618530273,53.68422047118693,206094.940625,207996.0109375,0
2025-08-11,005380.KS,현대자동차,207654.7806617647,208142.23319852943,206192.4230514706,207167.328125,298656,16.25,56.666645297044866,206387.409375,207776.65625,0
2025-08-12,005380.KS,현대자동차,206679.89172535212,210579.51232394367,206192.43915052817,207654.796875,347183,14.729999542236328,35.0000026712013,206874.8625,207874.146875,0
2025-08-13,005380.KS,현대자동차,210092.0474537037,210579.5,208629.68981481483,210579.5,377571,14.489999771118164,47.36838849505069,207947.25625,208288.48125,0
2025-08-14,005380.KS,현대자동차,210579.51724137933,213504.2327586207,210579.51724137933,212041.875,546695,14.829999923706055,51.72413983676573,208922.165625,208654.07109375,0
2025-08-18,005380.KS,현대자동차,212041.8739174365,212529.32650115472,209604.61099884525,211066.96875,405813,14.989999771118164,46.42856733999989,209702.09375,208946.54296875,0
2025-08-19,005380.KS,현대자동차,211066.97142551368,213504.234375,209604.61365582192,213504.234375,442222,15.569999694824219,51.666668447466584,210969.475,209433.996875,0
2025-08-20,005380.KS,현대자동차,213016.7678925737,216428.93579931973,212041.86277636053,214966.578125,784564,15.6899995803833,45.28301316226362,212431.83125,210116.4296875,0
2025-08-21,005380.KS,현대자동차,215454.0318143341,218866.1997389955,214966.57925366817,215941.484375,601284,16.600000381469727,74.28569073554759,213504.228125,210092.05703125,0
2025-08-22,005380.KS,현대자동차,216428.93522727274,217891.29289772728,213991.67244318183,214479.125,401067,14.220000267028809,81.24998121812716,213991.678125,210213.91953125,0
2025-08-25,005380.KS,현대자동차,215941.48493806305,216428.9375,212041.86444256757,216428.9375,419600,14.789999961853027,82.35292453924166,215064.071875,210482.01796875,0
2025-08-26,005380.KS,현대자동차,214966.59160469106,216428.94937070936,212041.87607265444,213016.78125,806670,14.619999885559082,70.00003205441557,214966.58125,210482.01796875,0
2025-08-27,005380.KS,현대자동차,213504.21988636366,215454.03011363637,213016.76732954546,214479.125,337163,14.850000381469727,72.09303539107903,214869.090625,210579.5078125,0
2025-08-28,005380.KS,현대자동차,215465.23676801802,221874.95777027027,214972.1813063063,218916.625,734689,14.430000305175781,75.05379224498745,215464.11875,210655.146875,0
2025-08-29,005380.KS,현대자동차,219902.7390625,221381.90546875,215465.23984375,216944.40625,606655,15.359999656677246,69.23080232810437,215957.175,211119.62734375,0
2025-09-01,005380.KS,현대자동차,217437.46875,219902.74617346938,215958.30229591837,217437.46875,504672,15.359999656677246,69.8162571399112,216158.88125,211754.996875,0
2025-09-02,005380.KS,현대자동차,217930.5171875,217930.5171875,213986.0734375,216944.40625,365383,17.170000076293945,67.92045174362212,216944.40625,212316.96796875,0
2025-09-03,005380.KS,현대자동차,215465.24523843115,220395.80004937924,215465.24523843115,218423.578125,459718,16.350000381469727,66.02566680904013,217733.296875,212977.2703125,0
2025-09-04,005380.KS,현대자동차,217930.5226439052,218423.578125,216451.35620062076,218423.578125,249504,15.300000190734863,63.86656988370427,217634.6875,213637.57265625,0
2025-09-05,005380.KS,현대자동차,218916.628125,219409.68359375,216451.35078125,216944.40625,245652,15.180000305175781,62.49700993498934,217634.6875,214126.4265625,0
2025-09-08,005380.KS,현대자동차,214972.17891876432,215465.234375,212506.90163758583,215465.234375,382254,15.109999656677246,54.346711774053006,217240.240625,214541.321875,0
2025-09-09,005380.KS,현대자동차,216451.35234731736,217437.46329195204,215465.24140268264,215958.296875,407652,15.039999961853027,52.29692132203076,217043.01875,214980.8703125,0
2025-09-10,005380.KS,현대자동차,216451.35778061225,218916.63520408163,215958.30229591837,217437.46875,427432,15.350000381469727,53.38576495591995,216845.796875,215470.00390625,0
2025-09-11,005380.KS,현대자동차,218423.56800028027,219902.734375,215958.29070908073,219902.734375,569436,14.710000038146973,61.74186839646544,217141.628125,215936.165625,0
2025-09-12,005380.KS,현대자동차,219409.68592701343,220888.8523489933,217437.46403104026,220395.796875,666184,14.760000228881836,59.16624002876828,217831.90625,216353.86171875,0
2025-09-15,005380.KS,현대자동차,218423.56460755813,218423.56460755813,212013.84375,212013.84375,1712249,15.6899995803833,48.11536144259939,217141.628125,216401.20546875,0
2025-09-16,005380.KS,현대자동차,212999.95465116279,213493.01010174418,212013.84375,212013.84375,492855,16.360000610351562,45.09804043406722,216352.7375,216326.6859375,0
2025-09-17,005380.KS,현대자동차,212999.953125,213493.0085720486,212013.84223090278,212999.953125,412548,15.720000267028809,36.363649458711784,215465.234375,216228.3546875,0
2025-09-18,005380.KS,현대자동차,213493.015625,215465.23747834875,212013.84923498848,213493.015625,652885,15.699999809265137,41.46343160086599,214183.290625,216105.93125,0
2025-09-22,005380.KS,현대자동차,212013.8546444954,215958.29845183488,211520.799168578,214972.1875,499195,16.100000381469727,44.18605165333719,213098.56875,216130.584375,0
2025-09-23,005380.KS,현대자동차,214479.13045804793,216944.4078196347,214479.13045804793,215958.296875,473760,16.639999389648438,47.72728091169486,213887.459375,216107.05234375,0
2025-09-24,005380.KS,현대자동차,214972.1804597701,216451.34683908045,213493.01408045978,214479.125,383310,16.18000030517578,40.90908763532205,214380.515625,216180.16953125,0
2025-09-25,005380.KS,현대자동차,213986.078125,214479.13360455068,212506.9116863479,213986.078125,509882,16.739999771118164,40.000014084487205,214577.740625,216155.5171875,0
2025-09-26,005380.KS,현대자동차,212013.8523455711,212506.9078161422,210041.6304632867,211520.796875,448652,15.289999961853027,38.29789099009988,214183.296875,215785.72578125,0
2025-09-29,005380.KS,현대자동차,212506.8992005814,213493.01010174418,211027.7328488372,212013.84375,339105,16.1200008392334,42.22222378716635,213591.628125,215539.19765625,0
2025-09-30,005380.KS,현대자동차,211027.7328488372,212999.95465116279,211027.7328488372,212013.84375,339691,16.280000686645508,40.90907454022306,212802.7375,215268.01640625,0
2025-10-01,005380.KS,현대자동차,212506.90625,213986.07265081204,212013.85078306263,212506.90625,297048,16.290000915527344,38.09522731628404,212408.29375,215046.14140625,0
2025-10-02,005380.KS,현대자동차,213493.01796875,219902.7390625,213493.01796875,216944.40625,1099674,16.6299991607666,43.47827884127183,212999.959375,214972.1828125,0
2025-10-10,005380.KS,현대자동차,215958.30004320276,217190.93874207948,213493.0226454493,213986.078125,779161,21.65999984741211,37.25491414460889,213493.015625,214750.3078125,0
2025-10-13,005380.KS,현대자동차,211520.79072511444,216451.3452874714,211027.73526887872,215465.234375,544349,19.030000686645508,59.459468718818385,214183.29375,214676.34921875,0
2025-10-14,005380.KS,현대자동차,215465.2352508408,221874.95620795965,214972.1797926009,219902.734375,885802,20.809999465942383,67.39131483133605,215761.071875,214898.22421875,0
2025-10-15,005380.KS,현대자동차,219902.7414010067,220888.8523489933,216944.408557047,220395.796875,670710,20.639999389648438,66.66669014084508,217338.85,215120.09921875,0
2025-10-16,005380.KS,현대자동차,233708.28912706612,241597.17652376034,230749.95635330578,238638.84375,2115204,25.309999465942383,81.48148727757717,221677.7375,216180.16796875,0
2025-10-17,005380.KS,현대자동차,237652.73128858022,242583.28587962964,236173.56491126542,239624.953125,994190,20.780000686645508,81.25000247579368,226805.5125,217166.27890625,0
2025-10-20,005380.KS,현대자동차,248006.8881048387,248499.9435483871,238145.77923387097,244555.5,1155423,18.229999542236328,82.95454586376759,232623.565625,218374.2640625,0
2025-10-21,005380.KS,현대자동차,248499.95394736843,263291.617872807,248006.89848318713,252937.453125,2002410,17.8700008392334,88.23530873825018,239230.509375,220420.44453125,0
2025-10-22,005380.KS,현대자동차,261319.39685105367,261319.39685105367,250965.23207016283,257374.953125,1060973,18.600000381469727,90.0,246626.340625,222688.5,0
2025-10-23,005380.KS,현대자동차,252937.45228794645,254909.67413814485,247513.8421999008,248499.953125,909720,17.299999237060547,80.4878067632452,248598.5625,224463.5,0
2025-10-24,005380.KS,현대자동차,249979.1265779703,250472.18205445545,244555.51633663368,248993.015625,775983,16.3700008392334,80.48781179043385,250472.175,226238.5,0
2025-10-27,005380.KS,현대자동차,249979.12343443025,255895.78907784872,249486.0679641454,250965.234375,763121,15.789999961853027,81.10236790262391,251754.121875,228038.15234375,0
2025-10-28,005380.KS,현대자동차,249979.11395958083,249979.11395958083,245541.61489520955,247020.78125,677447,16.420000076293945,76.1193952196127,250570.7875,229591.2765625,0
2025-10-29,005380.KS,현대자동차,250965.22126332365,255895.7757085756,247513.83315164727,254416.609375,937830,16.920000076293945,77.14284808852959,249979.11875,231588.15078125,0
2025-10-30,005380.KS,현대자동차,283506.8860554245,285479.10787146224,259347.16880896225,261319.390625,2958411,16.90999984741211,82.43241970081937,252543.00625,233954.81640625,0
2025-10-31,005380.KS,현대자동차,269701.3561422414,289916.6314655172,266743.0231681035,285972.1875,3631736,17.440000534057617,86.66666124955005,259938.840625,237677.3859375,0
2025-11-03,005380.KS,현대자동차,293368.0094875643,293861.0649656947,283999.9554030875,287451.34375,1498016,17.170000076293945,86.24337923484588,267236.0625,241449.2609375,0
2025-11-04,005380.KS,현대자동차,282520.7900815217,284493.0120018116,272166.625,272166.625,1416294,19.0,73.97259917168633,272265.23125,244456.9,0
2025-11-05,005380.KS,현대자동차,266249.97905027936,267729.14560055867,255402.75768156425,264770.8125,1420277,18.010000228881836,63.451790123099315,274336.071875,247070.0953125,0
2025-11-06,005380.KS,현대자동차,270687.45393819705,271180.5094098513,260826.34450511154,265263.84375,686561,19.5,63.26531107197269,275124.9625,249486.0671875,0
2025-11-07,005380.KS,현대자동차,257374.94850852274,263291.6139914773,255895.7821377841,260333.28125,666772,19.079999923706055,58.163268275836195,269997.18125,251803.42734375,0
2025-11-10,005380.KS,현대자동차,262798.55637707945,270194.38817005546,261319.3900184843,266743.0,692464,17.600000381469727,57.291664087715695,265855.5125,254367.315625,0
2025-11-11,005380.KS,현대자동차,268715.2320515799,270194.39846654277,263784.67733503715,265263.84375,494203,17.280000686645508,54.301077925235425,264474.95625,256635.37109375,0
2025-11-12,005380.KS,현대자동차,267729.118761343,274631.89530399273,265756.89689201454,271673.5625,807526,17.510000228881836,62.983430250931754,265855.50625,259199.259375,0
2025-11-13,005380.KS,현대자동차,269208.29589317774,275124.96173698385,268715.2404061939,274631.90625,681153,20.0,63.97850112730054,267729.11875,260998.9125,0
2025-11-14,005380.KS,현대자동차,268715.21875,274138.8286697248,268222.1633027523,268715.21875,579023,19.829999923706055,59.27834352672435,269405.50625,262453.42578125,0
2025-11-17,005380.KS,현대자동차,271673.5688305709,271673.5688305709,267729.125,267729.125,384305,22.3799991607666,61.17022298743081,269602.73125,263612.10703125,0
2025-11-18,005380.KS,현대자동차,265263.8429820416,267729.1203331758,259840.23280954632,260826.34375,475705,24.690000534057617,53.47594353187919,268715.23125,264006.5515625,0
2025-11-19,005380.KS,현대자동차,268222.1685606061,268222.1685606061,257868.0039654356,260333.28125,413452,23.65999984741211,49.42528819368874,266447.175,264154.46796875,0
2025-11-20,005380.KS,현대자동차,263291.6171278626,263784.6725906489,258361.0625,258361.0625,501196,26.420000076293945,28.124972147315702,263193.00625,264647.5234375,0
2025-11-21,005380.KS,현대자동차,251458.29750722545,257374.96333092486,250965.24202191716,255895.796875,538414,23.43000030517578,25.38460282105855,260629.121875,264992.6625,0
2025-11-24,005380.KS,현대자동차,258361.06165048544,258361.06165048544,253923.5625,253923.5625,610389,20.520000457763672,32.03881583400509,257868.009375,265140.57890625,0
2025-11-25,005380.KS,현대자동차,257374.95072815535,258361.06165048544,252937.4515776699,253923.5625,390393,18.559999465942383,37.49996398846479,256487.453125,265485.71796875,0
2025-11-26,005380.KS,현대자동차,256881.88910133843,258361.05544933077,255895.77820267685,257868.0,402781,17.190000534057617,42.10525262377668,255994.396875,265658.2875,0
2025-11-27,005380.KS,현대자동차,260357.078125,261352.7074868547,258365.81940129065,260357.078125,289061,17.190000534057617,50.02679900884138,256393.6,265610.171875,0
2025-11-28,005380.KS,현대자동차,260357.078125,264339.59557241877,257868.0047203633,260357.078125,511004,16.350000381469727,41.5950554867538,257285.85625,264329.41640625,0
2025-12-01,005380.KS,현대자동차,259859.26270874264,260357.0773882613,252392.04251596268,253387.671875,555473,17.239999771118164,36.342737586863294,257178.678125,262626.2328125,0
2025-12-02,005380.KS,현대자동차,256374.55680216168,266330.85027020675,255876.74212875942,264837.40625,1084944,16.59000015258789,42.95522597623757,259361.446875,262259.771875,0
2025-12-03,005380.KS,현대자동차,265335.21875,266330.84808864916,261850.51606472794,265335.21875,483994,16.079999923706055,39.90780808775737,260854.890625,262287.9921875,0
2025-12-04,005380.KS,현대자동차,271806.8287037037,283256.56690917106,268819.9404761905,282260.9375,1994134,15.779999732971191,61.868083547488155,265235.6625,263137.846875,0
2025-12-05,005380.KS,현대자동차,280767.4809523809,315116.69404761906,278776.2222222222,313623.25,3892799,15.40999984741211,76.24199041530122,275888.896875,265802.3453125,0
2025-12-08,005380.KS,현대자동차,319597.0239698891,319597.0239698891,307151.65699286846,314121.0625,1913789,16.65999984741211,82.88210435472695,288035.575,268171.2484375,0
2025-12-09,005380.KS,현대자동차,306653.84812703583,310636.36563517916,300182.25717630296,305658.21875,1229611,16.93000030517578,75.46090909473915,296199.7375,270190.9671875,0
2025-12-10,005380.KS,현대자동차,303169.133677686,304662.57768595044,296199.7283057851,301177.875,1173271,15.770000457763672,73.39281909372029,303368.26875,271666.1828125,0
2025-12-11,005380.KS,현대자동차,302671.31810490694,305160.39144458546,294208.46875,294208.46875,1465528,14.850000381469727,69.95012328827978,305757.775,272645.0109375,0
2025-12-12,005380.KS,현대자동차,297693.17661691544,301675.69402985077,294208.47388059704,300182.25,827283,15.739999771118164,73.1240974703864,303069.575,274218.3625,0
2025-12-15,005380.KS,현대자동차,295204.1068462521,296199.7362116695,292217.21875,292217.21875,798990,16.5,67.73056079583124,298688.80625,275442.7671875,0
2025-12-16,005380.KS,현대자동차,295204.1083916084,300182.25524475524,283256.55594405596,284750.0,1264096,16.479999542236328,62.053573430304766,294507.1625,276638.95,0
2025-12-17,005380.KS,현대자동차,286741.25874125876,287239.0734265734,282758.74125874124,284750.0,686802,17.6200008392334,61.187215069974066,291221.5875,277859.7859375,0
2025-12-18,005380.KS,현대자동차,279274.05365044245,283754.3860619469,278776.2389380531,281265.3125,705877,16.8700008392334,59.29204400149937,288632.95625,279004.9984375,0
2025-12-19,005380.KS,현대자동차,284252.1745017331,287239.0625,277282.76917244366,287239.0625,1210816,14.90999984741211,65.17857280476368,286044.31875,280572.16171875,0
2025-12-22,005380.KS,현대자동차,289230.3189878893,289230.3189878893,283754.3576989619,287736.875,676748,14.079999923706055,61.3861392292362,285148.25,282262.82734375,0
2025-12-23,005380.KS,현대자동차,289230.32774390245,291221.5864547038,284252.180966899,285745.625,699584,14.0,60.00000612433065,285347.375,283853.93046875,0
2025-12-24,005380.KS,현대자동차,287736.875,298688.79757785465,285745.61634948093,287736.875,1295368,13.470000267028809,53.142845869084866,285944.75,285347.37421875,0
2025-12-26,005380.KS,현대자동차,290723.7762237762,290723.7762237762,283754.3706293706,284750.0,847245,13.600000381469727,25.423700861712177,286641.6875,286567.0203125,0
2025-12-29,005380.KS,현대자동차,283256.5544612436,292715.0334327087,281265.29573040886,292217.21875,697450,14.199999809265137,33.33331748120453,287637.31875,288160.02734375,0
2025-12-30,005380.KS,현대자동차,289728.1324831366,296199.72307124786,288234.6885012647,295204.09375,628188,14.329999923706055,41.322289181628776,289130.7625,290250.8484375,0
2026-01-02,005380.KS,현대자동차,298191.00439698494,300680.0778894472,291719.4133165829,297195.375,955205,14.510000228881836,46.55173533432257,291420.7125,291868.746875,0
2026-01-05,005380.KS,현대자동차,301177.89742405585,308645.11802134645,300680.0827175698,303169.15625,1292161,14.899999618530273,57.89476582383732,294507.16875,293760.44375,0
2026-01-06,005380.KS,현대자동차,316610.13737824676,328557.68973214284,302671.3262987013,306653.84375,3346949,14.75,55.96331437621482,298887.9375,294980.0890625,0
2026-01-07,005380.KS,현대자동차,312627.6217902996,360417.83149072755,311631.99242154066,348968.09375,7764177,15.380000114440918,82.02250004408316,310238.1125,296747.33125,0
2026-01-08,005380.KS,현대자동차,359422.21530837,359422.21530837,336522.7389867841,339011.8125,3053301,15.449999809265137,79.78145581778266,318999.65625,297991.86875,0
2026-01-09,005380.KS,현대자동차,347474.64472336066,367387.23181352456,338513.98053278687,364400.34375,3104258,14.489999771118164,84.1880625050803,332440.65,300928.975,0
2026-01-12,005380.KS,현대자동차,381326.03823228885,381823.8529036104,356933.11933753407,365395.96875,3027809,15.119999885559082,86.89958259125659,344886.0125,304139.8796875,0
2026-01-13,005380.KS,현대자동차,378836.9818734606,411692.7516548645,376347.9084051724,404225.53125,5463622,15.979999542236328,89.83052831135414,364400.35,309640.7328125,0
2026-01-14,005380.KS,현대자동차,404723.35297691374,411692.7588092345,396260.5030376671,409701.5,2861932,16.75,90.16395433318172,376547.03125,315116.6953125,0
2026-01-15,005380.KS,현대자동차,407710.22663655214,423142.48185722745,403229.89447571087,420155.59375,2864894,15.84000015258789,91.92547940035259,392775.7875,321513.6140625,0
2026-01-16,005380.KS,현대자동차,424635.93424636807,424635.93424636807,406216.7905569007,411194.9375,2589883,15.859999656677246,86.90477836346442,402134.70625,327835.8609375,0
2026-01-19,005380.KS,현대자동차,418164.33203125,484871.49928385415,417666.5173502604,477902.09375,5990850,15.859999656677246,91.81035211689671,424635.93125,337493.465625,0
2026-01-20,005380.KS,현대자동차,491840.90931628394,494329.98274399794,458487.3253849165,476906.46875,5235613,20.09000015258789,91.13082959610047,439172.11875,347275.5234375,0
2026-01-21,005380.KS,현대자동차,465954.52459016396,548591.7586520948,465456.70992714027,546600.5,7830202,16.899999618530273,93.16240031616825,466551.91875,360243.5953125,0
2026-01-22,005380.KS,현대자동차,583438.8116729679,587421.3291587902,522705.4200141777,526687.9375,7176207,15.640000343322754,87.11756398994396,487858.3875,372191.1484375,0
2026-01-23,005380.KS,현대자동차,527683.555759804,540626.7373161764,497814.675245098,507770.96875,4774169,16.09000015258789,81.76198476493856,507173.59375,383292.415625,0
2026-01-26,005380.KS,현대자동차,496819.0597081218,512749.1297588832,487858.3953045685,490347.46875,3680159,16.149999618530273,77.33334238524424,509662.66875,393422.9453125,0
2026-01-27,005380.KS,현대자동차,470932.68257420673,496819.0456755373,466950.165174002,486364.9375,4492400,16.350000381469727,73.07692832561722,511554.3625,403503.6921875,0
2026-01-28,005380.KS,현대자동차,502792.83597715735,503788.4653553299,488356.2099936548,490347.46875,2514604,16.350000381469727,75.93857066600506,500303.75625,413410.2046875,0
2026-01-29,005380.KS,현대자동차,498810.31924715906,526687.9418797349,491840.91358901514,525692.3125,5431226,16.8799991607666,76.73267885698019,500104.63125,424934.615625,0
2026-01-30,005380.KS,현대자동차,513744.7575,514740.386875,497814.6875,497814.6875,3032673,17.440000534057617,70.1515192586537,498113.375,434965.58125,0
2026-02-02,005380.KS,현대자동차,483875.878791841,504784.09577667364,470932.69684884936,475910.84375,2652237,16.34000015258789,61.501599142096914,495226.05,443602.665625,0
2026-02-03,005380.KS,현대자동차,484871.5115081383,492836.54660478124,470932.7000890132,489351.84375,2275995,18.0,62.46106057600085,495823.43125,452737.565625,0
2026-02-04,005380.KS,현대자동차,499805.9288194445,515735.99826388893,495325.5967881945,501797.1875,1706630,18.639999389648438,62.69349885815741,498113.375,460379.0203125,0
2026-02-05,005380.KS,현대자동차,490347.45490020467,505779.70982599794,481386.7907497441,486364.9375,1653286,21.770000457763672,61.45675226525955,490247.9,467746.6765625,0
2026-02-06,005380.KS,현대자동차,467447.97743983957,470932.6801470588,450024.4639037433,465456.71875,2023516,20.3700008392334,47.79541266567675,483776.30625,472799.4953125,0
2026-02-09,005380.KS,현대자동차,481884.62003138073,482880.2494116109,470932.69684884936,475910.84375,1518143,17.360000610351562,49.82935226705459,483776.30625,478325.2390625,0
2026-02-10,005380.KS,현대자동차,496819.04936264304,502792.8255072841,476906.46221383975,478399.90625,1738747,17.790000915527344,34.81153283454388,481585.91875,482033.9578125,0
2026-02-11,005380.KS,현대자동차,478399.90701743617,512749.11990422395,474915.2042608055,506775.34375,3270111,17.649999618530273,45.72649452273579,482581.55,486887.65,0
2026-02-12,005380.KS,현대자동차,509762.2450592886,509762.2450592886,495823.4336709486,503788.46875,1733637,20.81999969482422,49.08257277003417,486066.25625,491069.29375,0
2026-02-13,005380.KS,현대자동차,497316.87719188374,507273.1710295591,495325.6184243487,496819.0625,1147006,20.600000381469727,51.56626575277278,492338.725,495350.5,0
2026-02-19,005380.KS,현대자동차,501797.2105263158,520714.1688596491,493334.360745614,510757.875,1907584,20.229999542236328,55.63218838659775,499308.13125,496993.2890625,0
2026-02-20,005380.KS,현대자동차,513744.74926326127,513744.74926326127,501797.1969548134,506775.34375,1251835,19.09000015258789,53.793101457808405,504983.21875,498486.7328125,0
2026-02-23,005380.KS,현대자동차,521709.7856118547,538635.4847633843,514740.3800788719,520714.15625,2094265,21.010000228881836,48.72448730396422,507770.98125,497192.415625,0
2026-02-24,005380.KS,현대자동차,519718.52254293894,527683.5573711832,502792.82353291987,521709.78125,1490869,19.549999237060547,57.10058924333297,511355.24375,496943.5078125,0
2026-02-25,005380.KS,현대자동차,532661.7132867132,581447.5524475524,529674.8251748251,569500.0,4149696,17.93000030517578,74.10256397874878,525891.43125,500029.959375,0
2026-02-26,005380.KS,현대자동차,574000.0,618000.0,563000.0,609000.0,2894222,18.6299991607666,77.16723561596596,545539.85625,505962.5859375,0
2026-02-27,005380.KS,현대자동차,592000.0,687000.0,590000.0,674000.0,4354409,19.860000610351562,81.56656848866523,578984.7875,515344.3390625,0
2026-03-03,005380.KS,현대자동차,654000.0,658000.0,594000.0,595000.0,3763225,23.56999969482422,66.15011225982883,593841.95625,520576.965625,0
2025-03-31,035420.KS,NAVER,189410.35754253928,190103.080898233,187233.2269960733,189014.515625,668750,22.280000686645508,22.07790077362712,196931.35,205738.83203125,0
2025-04-01,035420.KS,NAVER,189608.28110701576,195941.75187468226,189608.28110701576,194655.265625,485068,21.770000457763672,29.742381831022882,194793.80625,205303.40625,0
2025-04-02,035420.KS,NAVER,195545.89698364006,195743.81793200408,192181.24086145195,193566.6875,461848,21.510000228881836,25.59807961803891,193131.26875,204714.59140625,0
2025-04-03,035420.KS,NAVER,188915.54355488418,197525.1047331319,188816.58308157098,196535.5,577896,30.020000457763672,37.22824349760181,193289.603125,203705.19453125,0
2025-04-04,035420.KS,NAVER,194655.26285231294,200394.9706537538,192082.29038959809,195743.828125,672143,45.310001373291016,30.924851007127927,193903.159375,202953.0953125,0
2025-04-07,035420.KS,NAVER,190399.95033889468,193170.84358706986,187332.17567127215,189806.1875,597627,46.97999954223633,27.720200153882715,194061.49375,201805.153125,0
2025-04-08,035420.KS,NAVER,190103.07517573776,190993.71946339088,177337.1737193764,177733.015625,1366603,52.33000183105469,21.485934989353424,190677.04375,200177.253125,0
2025-04-09,035420.KS,NAVER,177139.2480744771,179415.33897152345,174368.35480850763,175061.078125,621304,33.619998931884766,20.380942126967483,186975.921875,198341.5359375,0
2025-04-10,035420.KS,NAVER,182285.1939233279,182681.03582109843,177930.9330478521,181988.3125,656557,40.720001220703125,27.931027630163,184066.484375,196753.2203125,0
2025-04-11,035420.KS,NAVER,178326.77853483605,182186.23711577867,178227.81805840164,181097.671875,569473,37.560001373291016,28.723400979318185,181137.253125,195516.2140625,0
2025-04-14,035420.KS,NAVER,181097.67831486042,183175.8483938834,180602.87591509306,180800.796875,391419,30.889999389648438,27.935950059139017,179336.175,194115.9234375,0
2025-04-15,035420.KS,NAVER,182878.9567699837,184462.32436106578,181790.39155111474,181988.3125,345595,30.1200008392334,31.354350360601572,180187.234375,192873.96953125,0
2025-04-16,035420.KS,NAVER,181988.32260032537,184363.37411876355,181097.67828091106,182483.125,427131,32.63999938964844,36.09958682924448,181671.64375,191706.2359375,0
2025-04-17,035420.KS,NAVER,182878.96323529413,183472.72610294117,180207.03033088235,181691.4375,237641,29.649999618530273,37.90850077896489,181612.26875,190498.91796875,0
2025-04-18,035420.KS,NAVER,182779.997325,185946.732525,182087.274,185550.890625,287707,29.649999618530273,46.20389556568587,182502.9125,189410.35234375,0
2025-04-21,035420.KS,NAVER,187134.258225,188816.5863,185254.0092,185550.890625,246628,33.81999969482422,38.61384706896646,183452.93125,188445.4875,0
2025-04-22,035420.KS,NAVER,185254.0067114094,193665.6469734125,184066.4810273619,191686.4375,645159,30.56999969482422,47.91208608168432,185392.55625,187762.66015625,0
2025-04-23,035420.KS,NAVER,193962.5405002592,194259.42193980044,190597.8841854588,190894.765625,391879,28.450000762939453,43.41802463616603,187074.884375,187213.4296875,0
2025-04-24,035420.KS,NAVER,190597.87774151436,191785.40345953003,188420.74725848564,189509.3125,417055,26.469999313354492,42.824593501710005,188638.459375,186901.70390625,0
2025-04-25,035420.KS,NAVER,191389.55515180877,193071.88319605944,190202.0294735142,191488.515625,391764,24.84000015258789,52.13032730219746,189825.984375,186842.32734375,0
2025-04-28,035420.KS,NAVER,192280.20863970587,194457.33915441178,190696.84099264705,193467.734375,313415,25.149999618530273,76.76769234040744,191409.353125,187064.98828125,0
2025-04-29,035420.KS,NAVER,193467.73894720103,195347.9880725191,191686.45030216285,194457.34375,325432,24.170000076293945,85.0000366533568,191963.534375,187055.0921875,0
2025-04-30,035420.KS,NAVER,194160.44962593517,198415.75,193764.6077306733,198415.75,523186,24.700000762939453,83.20003082041676,193467.73125,187297.5453125,0
2025-05-02,035420.KS,NAVER,197723.0358567629,198415.75920561043,195249.0238965932,195347.984375,280801,22.68000030517578,76.47062579598793,194635.465625,187238.16953125,0
2025-05-07,035420.KS,NAVER,197920.95680562532,199900.16637368157,196139.66819437468,197030.3125,622014,23.549999237060547,78.67134893956015,195743.825,187302.49375,0
2025-05-08,035420.KS,NAVER,193071.8924632353,194556.29963235295,186540.50091911765,186738.421875,1199556,22.479999542236328,56.34921728902183,194397.9625,187149.10546875,0
2025-05-09,035420.KS,NAVER,188024.91083115185,190103.080898233,187530.10843422776,189014.515625,558440,21.899999618530273,58.33333665596381,193309.396875,187713.18046875,0
2025-05-12,035420.KS,NAVER,190795.80053890642,192280.2077007755,187728.0257377103,188222.828125,437578,18.389999389648438,58.33333665596381,191270.8125,188371.26796875,0
2025-05-13,035420.KS,NAVER,188024.91365568544,189014.5184643996,185649.86211477153,186243.625,680047,18.219999313354492,50.92839729331406,189449.940625,188584.03359375,0
2025-05-14,035420.KS,NAVER,187925.9512617678,189410.35845972804,186936.34646312761,189212.4375,363846,18.6200008392334,54.54546865234833,187886.365625,188989.771875,0
2025-05-15,035420.KS,NAVER,187826.98160015856,188321.78397529072,186243.61399973574,187233.21875,355097,17.829999923706055,43.835618216078444,187985.325,189311.39296875,0
2025-05-16,035420.KS,NAVER,187134.26748868477,187728.03036807774,185550.89981030353,185847.78125,285272,17.239999771118164,43.12668291543194,187351.978125,189504.36640625,0
2025-05-19,035420.KS,NAVER,185649.84917745416,186243.61202130528,182582.0744842233,183472.71875,262018,18.139999389648438,41.99474358613076,186401.95625,189553.84609375,0
2025-05-20,035420.KS,NAVER,183868.55878378378,184561.2820945946,182087.27027027027,183076.875,293512,18.09000015258789,38.356165568709315,185768.60625,189623.11796875,0
2025-05-21,035420.KS,NAVER,183967.53404017858,184561.29692573054,182681.04778814936,182878.96875,382117,20.8700008392334,34.582131515807575,184501.9125,189489.521875,0
2025-05-22,035420.KS,NAVER,181295.59375,182582.07995019105,179217.42373430677,181295.59375,469433,20.280000686645508,31.161454461527725,183314.3875,189276.75703125,0
2025-05-23,035420.KS,NAVER,182186.2454345303,183373.77120596668,180899.7591821409,181196.640625,257074,22.290000915527344,22.293005160634365,182384.159375,188752.2671875,0
2025-05-26,035420.KS,NAVER,181196.63958610373,186045.703125,179910.15334109042,186045.703125,472314,22.290000915527344,35.843377504860385,182898.75625,188509.8140625,0
2025-05-27,035420.KS,NAVER,184264.41085758977,184957.13420667846,181097.67554747008,181889.359375,668670,18.959999084472656,28.57142857142857,182661.253125,188128.81640625,0
2025-05-28,035420.KS,NAVER,182681.03775972297,187035.2986814065,182186.23538225892,185748.8125,727369,19.309999465942383,48.28766289980442,183235.221875,187841.83125,0
2025-05-29,035420.KS,NAVER,187332.1875,188618.67373217116,185748.8198296355,187332.1875,649059,19.18000030517578,47.01754366526153,184442.540625,187535.05390625,0
2025-05-30,035420.KS,NAVER,186738.416325,186837.3768,184165.443975,185550.890625,989028,18.56999969482422,45.423721374842515,185313.390625,187089.73125,0
2025-06-02,035420.KS,NAVER,183868.57350871313,186342.58553116623,183769.613027815,184561.296875,408085,18.360000610351562,47.01754366526153,185016.509375,186397.00859375,0
2025-06-04,035420.KS,NAVER,187035.304245283,187134.26472371968,183571.6875,183571.6875,817069,17.610000610351562,39.24527964632352,185352.975,185808.19375,0
2025-06-05,035420.KS,NAVER,184363.37398666318,190004.12133891214,184363.37398666318,189212.4375,911249,18.479999542236328,53.311273858843066,186045.7,185417.3,0
2025-06-09,035420.KS,NAVER,193368.77208753148,200394.96595560454,190300.99730006297,196436.546875,1407038,17.15999984741211,64.81993611743964,187866.571875,185902.20625,0
2025-06-10,035420.KS,NAVER,201879.3721875,201879.3721875,194754.217875,197920.953125,911907,16.950000762939453,70.73864897924581,190340.584375,186347.528125,0
2025-06-11,035420.KS,NAVER,198415.7601057214,199900.16728855722,196832.39244402986,198910.5625,512085,17.260000228881836,72.34638891902644,193210.4375,186881.91484375,0
2025-06-12,035420.KS,NAVER,197426.15349264705,199405.3630514706,196832.390625,196832.390625,624703,18.020000457763672,68.70025325425647,195862.578125,187411.353125,0
2025-06-13,035420.KS,NAVER,201384.56421446384,203858.57605985037,195347.9753117207,198415.75,1050533,20.81999969482422,72.94429241644113,197703.240625,187871.51875,0
2025-06-16,035420.KS,NAVER,208806.61030727922,209301.41270137232,199900.16721360383,207322.203125,1159906,19.110000610351562,78.32616949662498,199880.371875,188875.96796875,0
2025-06-17,035420.KS,NAVER,209796.21700968524,210785.82180690073,201879.37863196124,204353.390625,837169,21.600000381469727,70.69350653570993,201166.859375,189801.2484375,0
2025-06-18,035420.KS,NAVER,202374.17893352156,241958.370411961,201879.37654004106,240968.765625,5706879,20.139999389648438,88.51612732354883,209578.5,192676.05078125,0
2025-06-19,035420.KS,NAVER,251854.4182167659,256307.63975694444,245916.78949652778,249380.40625,3810468,20.139999389648438,89.15956059679448,220088.103125,195991.22734375,0
2025-06-20,035420.KS,NAVER,246411.60111317254,266698.5,242453.18181818182,266698.5,4889308,20.6200008392334,90.91836665645206,233744.653125,200182.20390625,0
2025-06-23,035420.KS,NAVER,273625.7109913793,291933.3987068965,267193.2801724138,286985.375,5050411,19.829999923706055,93.91602859578586,249677.2875,205466.69296875,0
2025-06-24,035420.KS,NAVER,285500.97794750426,289459.3970524957,274615.325408778,287480.1875,4326501,17.479999542236328,94.75042642203749,266302.646875,210780.8703125,0
2025-06-25,035420.KS,NAVER,279563.332782187,283521.75165343913,273130.9021164021,280552.9375,2862461,16.760000228881836,90.09818719602373,274219.48125,215506.23203125,0
2025-06-26,035420.KS,NAVER,267193.2866379311,272141.3104645594,251359.61039272032,258286.84375,4314779,16.59000015258789,75.1079113318712,276000.76875,219326.10625,0
2025-06-27,035420.KS,NAVER,260760.86313713592,262245.2703276699,249380.40800970874,254823.234375,2316733,16.31999969482422,71.81952928767191,273625.715625,222779.82734375,0
2025-06-30,035420.KS,NAVER,254328.4238095238,265214.0761904762,252844.01666666666,259771.25,2219752,16.729999542236328,72.5306428135028,268182.890625,226401.78046875,0
2025-07-01,035420.KS,NAVER,261255.6626908397,266203.68660543894,257297.2435591603,259276.453125,1791173,16.829999923706055,72.06946761942245,262542.14375,230088.05859375,0
2025-07-02,035420.KS,NAVER,260266.05890376985,260760.86129712302,247401.1966765873,249380.40625,1870730,16.639999389648438,68.17248823893229,256307.6375,233329.0140625,0
2025-07-03,035420.KS,NAVER,247895.98814229248,257297.23320158102,246906.38339920947,250370.0,1207730,16.3799991607666,68.04124013396131,254724.26875,236668.9296875,0
2025-07-04,035420.KS,NAVER,249875.2105296185,251854.4201179719,244927.18655873495,246411.59375,874760,16.3799991607666,64.05694518067773,253041.940625,239528.8875,0
2025-07-07,035420.KS,NAVER,245916.7921447754,257792.04971313477,245916.7921447754,253338.828125,1175356,17.790000915527344,67.12803361763977,251755.45625,242374.0015625,0
2025-07-08,035420.KS,NAVER,258781.64795300388,260266.0551114341,252349.21693313954,255318.03125,903743,16.809999465942383,56.6210060147247,250963.771875,245243.85546875,0
2025-07-09,035420.KS,NAVER,255812.83080093504,255812.83080093504,248390.7950910433,251359.609375,952460,15.9399995803833,50.952378302956284,251359.6125,247866.3078125,0
2025-07-10,035420.KS,NAVER,252844.0184248555,262245.2637283237,248390.79696531792,256802.4375,1754234,15.779999732971191,44.623644595597646,252646.1,250864.81015625,0
2025-07-11,035420.KS,NAVER,258286.83794466403,258781.64031620554,250370.0,250370.0,1249355,16.399999618530273,26.582271397278674,253437.78125,253462.52265625,0
2025-07-14,035420.KS,NAVER,249380.40813253014,249875.2105296185,241463.5697791165,246411.59375,1205192,17.200000762939453,24.8484720895828,252052.334375,255416.9921875,0
2025-07-15,035420.KS,NAVER,244927.1810809118,250370.0073271543,244432.37869488978,246906.390625,791762,17.3799991607666,27.63156773969847,250370.00625,257544.6421875,0
2025-07-16,035420.KS,NAVER,248390.79225,252844.01362500002,246411.58275,247401.1875,785410,17.15999984741211,39.81479911229887,249578.321875,257866.26328125,0
2025-07-17,035420.KS,NAVER,251359.61588809034,252349.22067505133,239979.160838039,240968.765625,1262077,16.520000457763672,37.71928220861954,246411.5875,257445.68125,0
2025-07-18,035420.KS,NAVER,240968.76656120867,242453.17374741734,237505.14979338844,239484.359375,703602,16.40999984741211,30.84110715283866,244234.459375,256084.97421875,0
2025-07-21,035420.KS,NAVER,238989.54775390626,242947.96676432292,237505.140625,237505.140625,674282,16.649999618530273,29.99997703397193,242453.16875,253610.9625,0
2025-07-22,035420.KS,NAVER,238989.55611702127,239484.3585106383,232062.32260638298,232557.125,930384,16.5,32.999982316154316,239583.315625,250864.809375,0
2025-07-23,035420.KS,NAVER,233546.7213822894,235031.12850971922,227114.29049676025,229093.5,719824,15.369999885559082,29.523799498957914,235921.778125,248291.8375,0
2025-07-24,035420.KS,NAVER,230577.90982929515,232062.31697411893,222661.07172356828,224640.28125,1177878,15.390000343322754,29.245267280317975,232656.08125,246609.509375,0
2025-07-25,035420.KS,NAVER,224145.4745469083,233546.7196162047,222661.06743070364,232062.3125,1202489,14.930000305175781,29.90651943908712,231171.671875,245471.46328125,0
2025-07-28,035420.KS,NAVER,233546.7242569002,234536.32902070062,229588.3052016985,233051.921875,600063,15.029999732971191,28.5714199787012,230281.028125,244135.496875,0
2025-07-29,035420.KS,NAVER,233051.9181196352,237505.13948497854,229588.3015021459,230577.90625,928345,15.979999542236328,29.411755600267355,229885.184375,242700.56953125,0
2025-07-30,035420.KS,NAVER,231072.7132411859,237505.14423076925,231072.7132411859,231567.515625,768748,15.479999542236328,22.580637494002673,230379.9875,241809.925,0
2025-07-31,035420.KS,NAVER,232557.125,234041.53218085106,230083.1130319149,232557.125,521064,16.719999313354492,28.04878612342793,231963.35625,240919.28125,0
2025-08-01,035420.KS,NAVER,230083.1140625,230577.91645833335,221671.47333333333,222661.078125,827729,20.3799991607666,24.468082604709664,230083.109375,239731.75546875,0
2025-08-04,035420.KS,NAVER,223155.87597446237,237010.34277553763,222661.07358870967,230083.109375,1276649,17.520000457763672,34.25925871779383,229489.346875,238568.96953125,0
2025-08-05,035420.KS,NAVER,233546.73168103446,234041.5340786638,226619.49811422414,229588.3125,683813,17.850000381469727,33.33334307971114,229291.428125,237282.48359375,0
2025-08-06,035420.KS,NAVER,234041.52557439826,234041.52557439826,223650.67560175055,226124.6875,1076418,16.770000457763672,35.294115825936956,228202.8625,236020.7375,0
2025-08-07,035420.KS,NAVER,227609.09567409765,233051.921875,225629.8861464968,233051.921875,1019496,16.56999969482422,44.24778365375479,228301.821875,234833.21171875,0
2025-08-08,035420.KS,NAVER,238494.7518382353,238989.55422794117,226124.69209558825,227114.296875,1638049,15.149999618530273,41.322320088732305,229192.465625,233670.4265625,0
2025-08-11,035420.KS,NAVER,227114.2902536435,227609.09262892377,220187.05699971973,220681.859375,1264837,16.25,40.32257694843551,227312.215625,232383.93984375,0
2025-08-12,035420.KS,NAVER,221176.66175028027,225629.8831278027,220681.859375,220681.859375,743541,14.729999542236328,42.73504411914342,225530.925,231072.71328125,0
2025-08-13,035420.KS,NAVER,223155.88052083334,223650.68291666667,219197.46135416668,222661.078125,1017399,14.489999771118164,48.214292259522466,224838.203125,229835.7078125,0
2025-08-14,035420.KS,NAVER,226124.68461163697,231072.7083449332,221671.4632516704,222166.265625,1165222,14.829999923706055,39.79592724502748,222661.071875,228895.5828125,0
2025-08-18,035420.KS,NAVER,222166.26476078542,226124.68373202434,221176.66001797566,223650.671875,479724,14.989999771118164,40.40404201501084,221968.346875,228103.8984375,0
2025-08-19,035420.KS,NAVER,225629.88691796007,226124.6893015521,220681.8630820399,223155.875,419214,15.569999694824219,42.10527190533173,222463.15,227386.43515625,0
2025-08-20,035420.KS,NAVER,219197.453125,221671.46501128667,217218.24361597066,219197.453125,507825,15.6899995803833,37.6237648527203,222166.26875,226718.4515625,0
2025-08-21,035420.KS,NAVER,219692.25462443946,224145.47600196188,219692.25462443946,220681.859375,463923,16.600000381469727,38.23528956484238,221770.425,226297.86953125,0
2025-08-22,035420.KS,NAVER,221671.47522522524,224640.28962556308,218702.6608248874,219692.265625,543978,14.220000267028809,46.42857411379752,221275.625,226050.46875,0
2025-08-25,035420.KS,NAVER,222166.27023281596,223155.875,219197.45593126386,223155.875,564999,14.789999961853027,40.78947313749549,221176.665625,225605.146875,0
2025-08-26,035420.KS,NAVER,221671.4705882353,222166.27297794117,218702.65625,218702.65625,685341,14.619999885559082,36.90475921953582,220286.021875,224887.68359375,0
2025-08-27,035420.KS,NAVER,219692.26290137615,219692.26290137615,214249.43656823394,215733.84375,691579,14.850000381469727,37.34940400777663,219593.3,224145.48046875,0
2025-08-28,035420.KS,NAVER,215239.03125,216228.6359913793,212765.0193965517,215239.03125,663919,14.430000305175781,24.285711063442974,218504.734375,223329.05625,0
2025-08-29,035420.KS,NAVER,215239.03299825176,215733.83537296037,211775.41637529136,212270.21875,750586,15.359999656677246,26.56249460332529,217020.325,222314.7109375,0
2025-09-01,035420.KS,NAVER,209301.40904147332,214249.43289588168,208311.80427059165,213259.828125,634984,15.359999656677246,35.84906784558828,215041.115625,221844.6484375,0
2025-09-02,035420.KS,NAVER,213754.635,226619.4972916667,213754.635,222661.078125,1790972,17.170000076293945,52.77778996074647,215832.8,221473.546875,0
2025-09-03,035420.KS,NAVER,222166.27297794117,222661.07536764705,217713.05147058825,218702.65625,711207,16.350000381469727,44.73683882497292,216426.5625,220929.2640625,0
2025-09-04,035420.KS,NAVER,219197.45505231275,227114.29315803963,219197.45505231275,224640.28125,971838,15.300000190734863,52.87356822485471,218306.8125,220855.04375,0
2025-09-05,035420.KS,NAVER,225135.09279475984,228103.9072052402,223155.88318777294,226619.5,941824,15.180000305175781,53.40910681240035,221176.66875,220533.42265625,0
2025-09-08,035420.KS,NAVER,226124.6930167215,227114.29780016447,223650.68105811402,225629.890625,716688,15.109999656677246,52.80899235203015,223650.68125,220459.20234375,0
2025-09-09,035420.KS,NAVER,226124.69118641777,230577.9126758658,223650.6792478355,228598.703125,929473,15.039999961853027,60.9195444019368,224838.20625,220855.04453125,0
2025-09-10,035420.KS,NAVER,229588.31156316918,232062.32354122057,228103.90437633832,231072.71875,915806,15.350000381469727,61.79776078228921,227312.21875,221374.5875,0
2025-09-11,035420.KS,NAVER,232062.3133717811,233546.72049356223,229093.4991282189,230577.90625,808213,14.710000038146973,62.49997757227201,228499.74375,221770.42890625,0
2025-09-12,035420.KS,NAVER,232062.31163930084,236515.5329713983,230083.10215836865,233546.71875,1191699,14.760000228881836,62.06894799463678,229885.1875,222339.4515625,0
2025-09-15,035420.KS,NAVER,233546.7251602564,233546.7251602564,229093.5037059295,231567.515625,710904,15.6899995803833,65.85364256900519,231072.7125,222735.29375,0
2025-09-16,035420.KS,NAVER,237010.3465425532,238494.75372340425,232062.32260638298,232557.125,923864,16.360000610351562,71.79484999530375,231864.396875,223205.35625,0
2025-09-17,035420.KS,NAVER,231072.71875,232557.12593683085,227114.29958511778,231072.71875,2083776,15.720000267028809,70.0,231864.396875,223799.11953125,0
2025-09-18,035420.KS,NAVER,232557.11358236536,236020.73016763464,231072.70647439282,234288.921875,1004507,15.699999809265137,77.6397357155494,232606.6,224479.47265625,0
2025-09-22,035420.KS,NAVER,231567.52209051725,232557.12688577586,226619.49811422414,229588.3125,1004689,16.100000381469727,68.75000672832323,231814.91875,224974.275,0
2025-09-23,035420.KS,NAVER,229588.3079004329,233051.92461444807,227609.09834956712,228598.703125,735957,16.639999389648438,58.45069921392361,231221.15625,225246.41640625,0
2025-09-24,035420.KS,NAVER,228598.70497532893,231072.7169339364,222166.27388294955,225629.890625,982181,16.18000030517578,60.144930520945316,229835.709375,225592.778125,0
2025-09-25,035420.KS,NAVER,224145.47843873032,254328.4236589567,223155.8736774114,251359.609375,8314576,16.739999771118164,74.77064472682046,233893.0875,227374.06640625,0
2025-09-26,035420.KS,NAVER,248885.6011208577,259276.45126705655,247401.19395711503,253833.625,4597910,15.289999961853027,75.0,237802.028125,229303.79609375,0
2025-09-29,035420.KS,NAVER,265708.8715846995,275604.91894353373,263234.8597449909,271646.5,3486022,16.1200008392334,82.2916705499905,246213.665625,232272.61015625,0
2025-09-30,035420.KS,NAVER,276099.7248603352,276594.52723463683,262740.0607541899,265708.875,2764865,16.280000686645508,75.00000526304598,253635.7,234895.0625,0
2025-10-01,035420.KS,NAVER,264224.48188850685,265708.88909012766,250370.01467337916,251854.421875,3385774,16.290000915527344,62.13873671179562,258880.60625,236354.7296875,0
2025-10-02,035420.KS,NAVER,252844.01185770752,255318.023715415,247895.98814229248,250370.0,2205648,16.6299991607666,61.42857606864504,258682.684375,237938.096875,0
2025-10-10,035420.KS,NAVER,253833.62856308412,272141.3171728972,252844.0237733645,264719.28125,3490894,21.65999984741211,65.90910178315168,260859.815625,239942.046875,0
2025-10-13,035420.KS,NAVER,255318.02857142856,263729.66904761904,255318.02857142856,259771.25,1454859,19.030000686645508,63.97058948731598,258484.765625,241599.634375,0
2025-10-14,035420.KS,NAVER,259276.4503391473,267688.0909035853,254328.4264777132,255318.03125,2072061,20.809999465942383,60.90047457200968,256406.596875,243084.04140625,0
2025-10-15,035420.KS,NAVER,257792.03762693424,258286.8400024178,252349.21149661508,255812.828125,1438737,20.639999389648438,61.961720789154604,257198.278125,244444.74765625,0
2025-10-16,035420.KS,NAVER,254823.232515595,267193.29234644916,252844.02294265837,257792.046875,2154638,25.309999465942383,61.50121694833766,258682.6875,245780.7140625,0
2025-10-17,035420.KS,NAVER,257297.23703522506,257792.03941413894,251359.60848825832,252844.015625,1478832,20.780000686645508,61.35265088801266,256307.634375,246894.01953125,0
2025-10-20,035420.KS,NAVER,252349.21693313954,259771.25272529072,247401.19307170543,255318.03125,1527621,18.229999542236328,62.857140708961985,255416.990625,247982.58515625,0
2025-10-21,035420.KS,NAVER,257297.24828094302,257792.0506814833,251359.6194744597,251854.421875,1321294,17.8700008392334,62.55924291195263,254724.26875,248996.93046875,0
2025-10-22,035420.KS,NAVER,251359.60848825832,253833.6203828278,244432.3751834638,252844.015625,1076507,18.600000381469727,50.93167640950847,254130.50625,250011.275,0
2025-10-23,035420.KS,NAVER,248885.59916237113,248885.59916237113,239484.35386597938,239979.15625,2033710,17.299999237060547,42.30769097302348,250567.928125,250456.596875,0
2025-10-24,035420.KS,NAVER,242453.16548582996,245916.78213562752,239979.15359311743,244432.375,1005395,16.3700008392334,32.25806977369591,248885.6,250963.76953125,0
2025-10-27,035420.KS,NAVER,242453.16826444224,248885.59925921317,239484.35395916336,248390.796875,1317125,15.789999961853027,38.41060142779735,247500.153125,251903.89375,0
2025-10-28,035420.KS,NAVER,247895.98814229248,252349.20948616602,245421.976284585,250370.0,908952,16.420000076293945,48.81888628223251,247203.26875,252992.45859375,0
2025-10-29,035420.KS,NAVER,252349.20283018867,265708.86650943395,250864.79575471696,262245.25,2466385,16.920000076293945,58.10810349477508,249083.515625,254823.2265625,0
2025-10-30,035420.KS,NAVER,264224.47034001956,264224.47034001956,251854.4108671722,252844.015625,1393179,16.90999984741211,41.30433837449226,251656.4875,254897.446875,0
2025-10-31,035420.KS,NAVER,260266.05969626168,270656.90998831776,258286.85011682243,264719.28125,2861914,17.440000534057617,53.289479698078466,255713.86875,255441.7296875,0
2025-11-03,035420.KS,NAVER,280552.9426229508,284511.36156648456,268677.68579234974,271646.5,2760215,17.170000076293945,60.50955273089755,260365.009375,255441.7296875,0
2025-11-04,035420.KS,NAVER,269667.29488529963,271151.7020131086,264224.46875,264224.46875,1325780,19.0,54.97076239378111,263135.903125,255367.509375,0
2025-11-05,035420.KS,NAVER,266203.6918761221,277089.3447037702,253833.63184470375,275604.9375,3470467,18.010000228881836,59.473689896365094,265807.840625,256555.03515625,0
2025-11-06,035420.KS,NAVER,278573.7395241477,279068.54190340906,261255.65625,261255.65625,2287056,19.5,54.066986730326846,267490.16875,257099.31796875,0
2025-11-07,035420.KS,NAVER,253338.8153846154,264224.4676081731,253338.8153846154,257297.234375,1648859,19.079999923706055,50.943393415960166,266005.759375,256728.215625,0
2025-11-10,035420.KS,NAVER,260760.8509915865,261255.6533653846,255318.0248798077,257297.234375,974635,17.600000381469727,52.682920592513085,263135.90625,256604.51484375,0
2025-11-11,035420.KS,NAVER,258781.65529942967,267688.09850285173,258286.85289923954,260266.0625,1341337,17.280000686645508,53.58852195150032,262344.225,256851.91640625,0
2025-11-12,035420.KS,NAVER,262740.06893382355,262740.06893382355,259276.45220588235,260760.859375,600486,17.510000228881836,61.41304487734505,259375.409375,257099.31796875,0
2025-11-13,035420.KS,NAVER,259771.24823446327,263234.86487758945,255812.82921374764,262740.0625,724253,20.0,60.33519533361466,259672.290625,257346.71875,0
2025-11-14,035420.KS,NAVER,255318.03402366865,257297.2435897436,250370.01010848125,250864.8125,923411,19.829999923706055,51.28205335820298,258385.80625,257247.75859375,0
2025-11-17,035420.KS,NAVER,253833.62591911765,254328.42830882352,251359.61397058825,252349.21875,507818,22.3799991607666,51.03093270150758,257396.203125,257099.31796875,0
2025-11-18,035420.KS,NAVER,248885.6057354418,257792.04888303214,245916.79135291165,246411.59375,959645,24.690000534057617,41.20880207680875,254625.309375,256827.1765625,0
2025-11-19,035420.KS,NAVER,247895.99075704225,248390.79313380283,240473.9551056338,245916.78125,570754,23.65999984741211,45.731707669299404,251656.49375,256480.81484375,0
2025-11-20,035420.KS,NAVER,257297.23613813228,260266.0504012646,251854.4099890564,254328.421875,970537,26.420000076293945,43.31209678635899,249974.165625,257198.278125,0
2025-11-21,035420.KS,NAVER,248390.79523809522,262245.2619047619,246906.3880952381,259771.25,1278706,23.43000030517578,42.20779966428626,251755.453125,257965.221875,0
2025-11-24,035420.KS,NAVER,264719.27472461684,266698.48425526824,256307.63421934866,258286.84375,1673646,20.520000457763672,45.77465227232193,252942.978125,258460.02421875,0
2025-11-25,035420.KS,NAVER,259771.24505928854,259771.24505928854,247895.98814229248,250370.0,1218659,18.559999465942383,31.111105393238134,253734.659375,258460.02421875,0
2025-11-26,035420.KS,NAVER,252349.21875,261750.46415441178,249380.4044117647,260760.859375,944519,17.190000534057617,49.60630371566642,256703.475,258385.8046875,0
2025-11-27,035420.KS,NAVER,256802.43172216698,258781.64121520874,247895.9890034791,248885.59375,2028550,17.190000534057617,44.0559460634617,255614.909375,258187.88359375,0
2025-11-28,035420.KS,NAVER,250864.8077612705,251359.6101434426,240968.76011782786,241463.5625,1580887,16.350000381469727,39.87342316081146,251953.371875,257025.09765625,0
2025-12-01,035420.KS,NAVER,243937.5697337963,244927.17447916666,239979.1507523148,240473.953125,666662,17.239999771118164,37.01297968964313,248390.79375,255466.4703125,0
2025-12-02,035420.KS,NAVER,240473.953125,242453.16261574073,238989.54600694444,240473.953125,618439,16.59000015258789,36.60130449158388,246411.584375,254278.94453125,0
2025-12-03,035420.KS,NAVER,243937.578125,245916.78768382352,242947.97334558825,243937.578125,630018,16.079999923706055,37.820521773912276,243046.928125,252695.5765625,0
2025-12-04,035420.KS,NAVER,242947.96786437248,245916.78213562752,241958.36310728747,244432.375,487370,15.779999732971191,45.112779455619496,242156.284375,251854.4125,0
2025-12-05,035420.KS,NAVER,244927.1810809118,247401.19301102203,243442.7739228457,246906.390625,575298,15.40999984741211,45.92592679227011,243244.85,251334.8703125,0
2025-12-08,035420.KS,NAVER,247896.00094126508,247896.00094126508,244432.3841616466,246411.59375,466382,16.65999984741211,50.0,244432.378125,250790.58828125,0
2025-12-09,035420.KS,NAVER,245421.984375,245916.78676285283,243442.77482358873,245421.984375,497708,16.93000030517578,49.6000046483181,245421.984375,250048.384375,0
2025-12-10,035420.KS,NAVER,245421.97597137015,245421.97597137015,241463.55700408996,241958.359375,654772,15.770000457763672,39.13043955814625,245026.140625,249108.259375,0
2025-12-11,035420.KS,NAVER,242947.97519892198,243442.77759240248,238494.75365759752,240968.765625,1056918,14.850000381469727,32.07548631246796,244333.41875,248019.69453125,0
2025-12-12,035420.KS,NAVER,240473.95226226994,242453.16174591,238989.54514953986,241958.359375,485052,15.739999771118164,34.28571342644207,243343.8125,247574.371875,0
2025-12-15,035420.KS,NAVER,238989.55791969853,241463.5699064449,237505.15072765073,237999.953125,522965,16.5,37.11341447970901,241661.484375,246856.90859375,0
2025-12-16,035420.KS,NAVER,237999.94276457882,237999.94276457882,228598.69762419007,229093.5,1520556,16.479999542236328,15.957437873963087,238395.7875,245991.00390625,0
2025-12-17,035420.KS,NAVER,230577.9126758658,230577.9126758658,227114.29596185067,228598.703125,769339,17.6200008392334,21.126757431236072,235723.85625,245125.1,0
2025-12-18,035420.KS,NAVER,225135.09185195225,230825.3194482104,224145.487052603,228103.90625,744015,16.8700008392334,26.31578947368422,233150.884375,243813.87421875,0
2025-12-19,035420.KS,NAVER,230083.10758359873,233051.921875,229093.5028197983,233051.921875,1487738,14.90999984741211,38.461534724462396,231369.596875,242477.9078125,0
2025-12-22,035420.KS,NAVER,236020.73988970587,236515.54227941178,234041.53033088235,235525.9375,610805,14.079999923706055,42.85714930169129,230874.79375,241339.8625,0
2025-12-23,035420.KS,NAVER,235525.93288502112,236020.73526503166,233051.92098496837,234536.328125,689469,14.0,35.38459445698939,231963.359375,240548.17890625,0
2025-12-24,035420.KS,NAVER,234536.33364164905,235525.93842494715,232062.3216834038,234041.53125,640875,13.470000267028809,33.846148614247355,233051.925,239212.2125,0
2025-12-26,035420.KS,NAVER,234041.52375809936,235031.12850971922,228598.69762419007,229093.5,738058,13.600000381469727,24.285687863065718,233249.84375,238222.6078125,0
2025-12-29,035420.KS,NAVER,229093.50907153924,239979.1617704029,229093.50907153924,239484.359375,1067392,14.199999809265137,42.22221910338059,234536.33125,238123.64765625,0
2025-12-30,035420.KS,NAVER,238494.74909793813,241958.36578608246,236515.53956185566,239979.15625,652269,14.329999923706055,43.82021953645215,235426.975,238098.9078125,0
2026-01-02,035420.KS,NAVER,240968.75835020244,246411.58451417004,235525.93218623483,244432.375,1362199,14.510000228881836,52.74725884860017,237406.184375,238296.82890625,0
2026-01-05,035420.KS,NAVER,245916.78585295592,248390.7977830661,244432.37869488978,246906.390625,1011640,14.899999618530273,56.382977293876166,239979.15625,238445.26953125,0
2026-01-06,035420.KS,NAVER,246906.38452524037,259771.24624399038,245421.97740384613,257297.234375,2462129,14.75,63.7168183634631,245619.903125,239088.5125,0
2026-01-07,035420.KS,NAVER,255318.02933168318,255318.02933168318,243937.5745358911,249875.203125,1886634,15.380000114440918,59.99999473695568,247698.071875,239236.953125,0
2026-01-08,035420.KS,NAVER,246906.38972236056,255318.03025398406,242453.16826444224,248390.796875,1311262,15.449999809265137,68.57143802342867,249380.4,239335.91328125,0
2026-01-09,035420.KS,NAVER,250370.0046136811,253833.62127829724,247895.99271038384,251359.609375,918991,14.489999771118164,70.90909247495556,250765.846875,239632.79453125,0
2026-01-12,035420.KS,NAVER,253338.8180039139,255812.82989848338,246411.58469911938,252844.015625,1328415,15.119999885559082,72.32142278140819,251953.371875,240177.07734375,0
2026-01-13,035420.KS,NAVER,256307.64236767488,261750.46875,253833.6303757089,261750.46875,1671879,15.979999542236328,74.1666695174816,252844.01875,241216.1625,0
2026-01-14,035420.KS,NAVER,265214.0780346821,267193.2875722543,252844.0184248555,256802.4375,1574617,16.75,67.19999393697486,254229.465625,241958.36640625,0
2026-01-15,035420.KS,NAVER,254328.43308080808,260760.86426767675,241463.5707070707,244927.1875,2397110,15.84000015258789,57.14286328051744,253536.74375,242304.728125,0
2026-01-16,035420.KS,NAVER,245916.7830320774,245916.7830320774,240968.7592286151,242947.96875,1898586,15.859999656677246,55.999994947479045,251854.415625,242997.4515625,0
2026-01-19,035420.KS,NAVER,239484.35661764705,240968.7637867647,235031.13511029413,235525.9375,1689244,15.859999656677246,54.19355233027194,248390.8,243343.81328125,0
2026-01-20,035420.KS,NAVER,238989.55058913934,241958.3648821721,237999.94582479508,241463.5625,1205903,20.09000015258789,51.369858717537376,244333.41875,244011.79609375,0
2026-01-21,035420.KS,NAVER,237010.3391312893,239979.15340015723,235525.93199685536,236020.734375,1022540,16.899999618530273,47.43589561926492,240177.078125,244160.23671875,0
2026-01-22,035420.KS,NAVER,239484.35208757638,244927.17827138494,237010.3401858452,242947.96875,1341056,15.640000343322754,49.068323590491524,239781.234375,244531.33828125,0
2026-01-23,035420.KS,NAVER,245421.98872180452,266698.4917763158,243937.5815319549,263234.875,5042292,16.09000015258789,58.37563671471318,243838.615625,245966.265625,0
2026-01-26,035420.KS,NAVER,271151.71972477064,273625.73176605505,262245.27637614676,269667.3125,2706664,16.149999618530273,56.6137650119939,250666.890625,247747.5546875,0
2026-01-27,035420.KS,NAVER,267688.09724689164,288964.6003552398,267193.2948490231,278573.75,4948006,16.350000381469727,65.10416795158922,258088.928125,250221.5671875,0
2026-01-28,035420.KS,NAVER,282037.34797297296,282532.1503378378,268182.88175675675,274615.3125,2822531,16.350000381469727,63.45176566501632,265807.84375,251978.11484375,0
2026-01-29,035420.KS,NAVER,273130.91027874564,287480.1791158537,272141.30553135887,284016.5625,2812259,16.8799991607666,65.71427669192876,274021.5625,254179.98515625,0
2026-01-30,035420.KS,NAVER,282532.16261363635,282532.16261363635,271646.5101136364,272141.3125,1819960,17.440000534057617,58.44155719880943,275802.85,255565.43203125,0
2026-02-02,035420.KS,NAVER,267193.30340485077,275604.94443796645,262245.2792677239,265214.09375,1862631,16.34000015258789,51.54185371336678,274912.20625,256480.8171875,0
2026-02-03,035420.KS,NAVER,271646.51382434944,271646.51382434944,262245.2683550186,266203.6875,1894227,18.0,54.33790184783314,272438.19375,256926.13984375,0
2026-02-04,035420.KS,NAVER,263234.8759451796,264224.480741966,257297.24716446127,261750.46875,1700411,18.639999389648438,58.33333333333334,269865.225,257519.903125,0
2026-02-05,035420.KS,NAVER,259771.24802407587,261750.45753283074,252844.01474343386,254328.421875,1551427,21.770000457763672,55.348836252902814,263927.596875,257816.784375,0
2026-02-06,035420.KS,NAVER,248390.80333835343,251359.61772088354,241463.5697791165,246411.59375,1919017,20.3700008392334,55.09259448772161,258781.653125,257569.38359375,0
2026-02-09,035420.KS,NAVER,250864.804125,251854.40887500002,245421.978,247401.1875,1426634,17.360000610351562,52.91261987094606,255219.071875,257297.2421875,0
2026-02-10,035420.KS,NAVER,251359.609375,256307.6331815945,249380.3998523622,251359.609375,1475536,17.790000915527344,57.635469206368164,252250.25625,256777.69921875,0
2026-02-11,035420.KS,NAVER,255812.83916868933,258286.85115291263,252349.2223907767,254823.234375,1133876,17.649999618530273,56.12245341843568,250864.809375,256678.7390625,0
2026-02-12,035420.KS,NAVER,258781.64417196673,259276.44655088065,252844.015625,252844.015625,1404228,20.81999969482422,43.39622041945864,250567.928125,257074.58046875,0
2026-02-13,035420.KS,NAVER,251359.61027227723,254823.22694925743,247401.1912128713,249875.203125,820046,20.600000381469727,36.842094328854834,251260.65,257420.9421875,0
2026-02-19,035420.KS,NAVER,251854.4071146245,252349.20948616602,249380.395256917,250370.0,806208,20.229999542236328,28.888875373910082,251854.4125,258163.1453125,0
2026-02-20,035420.KS,NAVER,251854.421875,257297.24828094302,251359.6194744597,251854.421875,948594,19.09000015258789,32.30770351891235,251953.375,258682.68828125,0
2026-02-23,035420.KS,NAVER,254823.2251406556,259276.44655088065,252349.21324608612,252844.015625,747019,21.010000228881836,22.123882429314264,251557.53125,259523.85234375,0
2026-02-24,035420.KS,NAVER,253833.62591911765,253833.62591911765,251359.61397058825,252349.21875,652490,19.549999237060547,27.777766082117566,251458.571875,259993.91484375,0
2026-02-25,035420.KS,NAVER,252844.01185770752,253338.81422924902,248390.79051383398,250370.0,937503,17.93000030517578,31.249970395375684,251557.53125,259350.67109375,0
2026-02-26,035420.KS,NAVER,258500.0,267000.0,258000.0,260500.0,1890166,18.6299991607666,44.147013796292555,253583.53125,258892.30546875,0
2026-02-27,035420.KS,NAVER,261000.0,261500.0,254500.0,254500.0,1259511,19.860000610351562,42.788670739561034,254112.646875,257688.61796875,0
2026-03-03,035420.KS,NAVER,250500.0,252000.0,236000.0,236000.0,1507045,23.56999969482422,35.062247268906006,250743.84375,255757.85234375,0
2025-03-31,TSLA,테슬라,249.30999755859375,260.55999755859375,243.36000061035156,259.1600036621094,134008900,22.280000686645508,59.349644712113225,271.2080017089844,254.36600189208986,0
2025-04-01,TSLA,테슬라,263.79998779296875,277.45001220703125,259.25,268.4599914550781,146486900,21.770000457763672,57.04210403489001,267.2719970703125,254.18700103759767,0
2025-04-02,TSLA,테슬라,254.60000610351562,284.989990234375,251.27000427246094,282.760009765625,212787800,21.510000228881836,63.88595670219329,269.41199951171876,254.37000122070313,0
2025-04-03,TSLA,테슬라,265.2900085449219,276.29998779296875,261.510009765625,267.2799987792969,136174300,30.020000457763672,55.48509723870204,268.24199829101565,254.5615005493164,0
2025-04-04,TSLA,테슬라,255.3800048828125,261.0,236.0,239.42999267578125,181229400,45.310001373291016,50.40903262318778,263.4179992675781,253.39949951171874,0
2025-04-07,TSLA,테슬라,223.77999877929688,252.0,214.25,233.2899932861328,183453800,46.97999954223633,52.388933243691866,258.24399719238284,253.95649948120118,0
2025-04-08,TSLA,테슬라,245.0,250.44000244140625,217.8000030517578,221.86000061035156,171603500,52.33000183105469,45.83085306145372,248.9239990234375,253.520499420166,0
2025-04-09,TSLA,테슬라,224.69000244140625,274.69000244140625,223.8800048828125,272.20001220703125,219433400,33.619998931884766,58.24917501770583,246.81199951171874,254.72600021362305,0
2025-04-10,TSLA,테슬라,260.0,262.489990234375,239.3300018310547,252.39999389648438,181722600,40.720001220703125,50.81930500742747,243.83599853515625,255.3120002746582,0
2025-04-11,TSLA,테슬라,251.83999633789062,257.739990234375,241.36000061035156,252.30999755859375,128948100,37.560001373291016,43.33333125306288,246.41199951171876,255.42850036621093,0
2025-04-14,TSLA,테슬라,258.3599853515625,261.79998779296875,245.92999267578125,252.35000610351562,100135200,30.889999389648438,40.37334069252826,250.2240020751953,256.14550094604493,0
2025-04-15,TSLA,테슬라,249.91000366210938,258.75,247.5399932861328,254.11000061035156,79594300,30.1200008392334,44.76890150004247,256.6740020751953,257.5855010986328,0
2025-04-16,TSLA,테슬라,247.61000061035156,251.97000122070312,233.88999938964844,241.5500030517578,112378700,32.63999938964844,41.3744143026149,250.54400024414062,257.8700012207031,0
2025-04-17,TSLA,테슬라,243.47000122070312,244.33999633789062,237.67999267578125,241.3699951171875,83404800,29.649999618530273,43.613961675018615,248.33800048828124,258.1255012512207,0
2025-04-21,TSLA,테슬라,230.25999450683594,232.2100067138672,222.7899932861328,227.5,97768000,33.81999969482422,41.356340544360535,243.3760009765625,257.0650009155273,0
2025-04-22,TSLA,테슬라,230.9600067138672,242.7899932861328,229.85000610351562,237.97000122070312,120858500,30.56999969482422,41.7286146868468,240.5,255.04400024414062,0
2025-04-23,TSLA,테슬라,254.86000061035156,259.45001220703125,244.42999267578125,250.74000549316406,150381900,28.450000762939453,41.24083694412561,239.8260009765625,253.17399978637695,0
2025-04-24,TSLA,테슬라,250.5,259.5400085449219,249.1999969482422,259.510009765625,94464200,26.469999313354492,47.793494819188545,243.41800231933593,252.5465003967285,0
2025-04-25,TSLA,테슬라,261.69000244140625,286.8500061035156,259.6300048828125,284.95001220703125,167560700,24.84000015258789,63.10607237476127,252.13400573730468,253.13750076293945,0
2025-04-28,TSLA,테슬라,288.9800109863281,294.8599853515625,272.4200134277344,285.8800048828125,151731800,25.149999618530273,65.60997418280343,263.8100067138672,254.25400161743164,0
2025-04-29,TSLA,테슬라,285.5,293.32000732421875,279.4700012207031,292.0299987792969,108906600,24.170000076293945,71.50211001793518,274.62200622558595,255.89750137329102,0
2025-04-30,TSLA,테슬라,279.8999938964844,284.45001220703125,270.7799987792969,282.1600036621094,128961100,24.700000762939453,54.05867582077851,280.906005859375,256.5825019836426,0
2025-05-01,TSLA,테슬라,280.010009765625,290.8699951171875,279.80999755859375,280.5199890136719,99659000,24.600000381469727,63.44939392515166,285.1080017089844,256.4705009460449,0
2025-05-02,TSLA,테슬라,284.8999938964844,294.7799987792969,279.80999755859375,287.2099914550781,114454700,22.68000030517578,65.7009129461074,285.55999755859375,257.467000579834,0
2025-05-05,TSLA,테슬라,284.57000732421875,284.8500061035156,274.3999938964844,280.260009765625,94618900,23.639999389648438,61.82126495051266,284.4359985351563,259.50850143432615,0
2025-05-06,TSLA,테슬라,273.1099853515625,277.7300109863281,271.3500061035156,275.3500061035156,76715800,24.760000228881836,58.76237872441305,281.1,261.6115020751953,0
2025-05-07,TSLA,테슬라,276.8800048828125,277.9200134277344,271.0,276.2200012207031,71592600,23.549999237060547,65.8296045603313,279.91199951171876,264.3295021057129,0
2025-05-08,TSLA,테슬라,279.6300048828125,289.79998779296875,279.4100036621094,284.82000732421875,97539400,22.479999542236328,68.42195154140563,280.7720031738281,264.96050186157225,0
2025-05-09,TSLA,테슬라,290.2099914550781,307.0400085449219,290.0,298.260009765625,132387800,21.899999618530273,80.11064245345744,282.9820068359375,267.2535026550293,0
2025-05-12,TSLA,테슬라,321.989990234375,322.2099914550781,311.5,318.3800048828125,112826700,18.389999389648438,81.62013665827344,290.606005859375,270.55700302124023,0
2025-05-13,TSLA,테슬라,320.0,337.5899963378906,316.79998779296875,334.07000732421875,136992600,18.219999313354492,82.0327542532396,302.3500061035156,274.6430030822754,0
2025-05-14,TSLA,테슬라,342.5,350.0,337.0,347.67999267578125,136997300,18.6200008392334,82.67734062021431,316.6420043945312,279.3215026855469,0
2025-05-15,TSLA,테슬라,340.3399963378906,346.1400146484375,334.7200012207031,342.82000732421875,97882600,17.829999923706055,75.30832561918703,328.24200439453125,284.38500289916993,0
2025-05-16,TSLA,테슬라,346.239990234375,351.6199951171875,342.3299865722656,349.9800109863281,95895700,17.239999771118164,76.58428318983707,338.58600463867185,289.815503692627,0
2025-05-19,TSLA,테슬라,336.29998779296875,343.0,333.3699951171875,342.0899963378906,88869900,18.139999389648438,70.46606809288325,343.3280029296875,295.5450035095215,0
2025-05-20,TSLA,테슬라,347.8699951171875,354.989990234375,341.6300048828125,343.82000732421875,131715500,18.09000015258789,77.00595728982744,345.2780029296875,300.83750381469724,0
2025-05-21,TSLA,테슬라,344.42999267578125,347.3500061035156,332.20001220703125,334.6199951171875,102354800,20.8700008392334,72.22313734840559,342.66600341796874,305.03150329589846,0
2025-05-22,TSLA,테슬라,331.8999938964844,347.2699890136719,331.3900146484375,341.0400085449219,97113400,20.280000686645508,72.16138809359762,342.31000366210935,309.1080032348633,0
2025-05-23,TSLA,테슬라,337.9200134277344,343.17999267578125,333.2099914550781,339.3399963378906,84654800,22.290000915527344,75.4216716220507,340.1820007324219,311.82750244140624,0
2025-05-27,TSLA,테슬라,347.3500061035156,363.7900085449219,347.32000732421875,362.8900146484375,120146400,18.959999084472656,82.4606835128877,344.3420043945313,315.6780029296875,0
2025-05-28,TSLA,테슬라,364.8399963378906,365.0,355.9100036621094,356.8999938964844,91404300,19.309999465942383,78.82250100954775,346.9580017089844,318.9215026855469,0
2025-05-29,TSLA,테슬라,365.2900085449219,367.7099914550781,356.0,358.42999267578125,88087800,19.18000030517578,77.69581737872778,351.7200012207031,322.7350021362305,0
2025-05-30,TSLA,테슬라,355.5199890136719,363.67999267578125,345.2900085449219,346.4599914550781,123474900,18.56999969482422,68.33813513135067,352.8039978027344,326.0320022583008,0
2025-06-02,TSLA,테슬라,343.5,348.0199890136719,333.3299865722656,342.69000244140625,81873800,18.360000610351562,60.56312814670069,353.4739990234375,328.8060028076172,0
2025-06-03,TSLA,테슬라,346.6000061035156,355.3999938964844,343.0400085449219,344.2699890136719,99324500,17.690000534057617,55.05149385220444,349.7499938964844,332.00650177001955,0
2025-06-04,TSLA,테슬라,345.1000061035156,345.6000061035156,327.3299865722656,332.04998779296875,98912100,17.610000610351562,42.151253313194665,344.7799926757813,334.8415008544922,0
2025-06-05,TSLA,테슬라,322.489990234375,324.54998779296875,273.2099914550781,284.70001220703125,287499800,18.479999542236328,29.54386486514356,330.03399658203125,335.26550140380857,0
2025-06-06,TSLA,테슬라,298.8299865722656,305.5,291.1400146484375,295.1400146484375,164747700,16.770000457763672,31.13390164793597,319.77000122070314,335.78150177001953,0
2025-06-09,TSLA,테슬라,285.9599914550781,309.8299865722656,281.8500061035156,308.5799865722656,140908900,17.15999984741211,38.89588226109567,312.947998046875,336.29750061035156,0
2025-06-10,TSLA,테슬라,314.94000244140625,327.8299865722656,310.6700134277344,326.0899963378906,151256500,16.950000762939453,44.68110351055573,309.31199951171874,336.6830001831055,0
2025-06-11,TSLA,테슬라,334.3999938964844,335.5,322.5,326.42999267578125,122611400,17.260000228881836,47.40510659397059,308.18800048828126,336.3009994506836,0
2025-06-12,TSLA,테슬라,323.0799865722656,332.55999755859375,316.8599853515625,319.1099853515625,105127500,18.020000457763672,43.09116490011074,315.0699951171875,334.8724990844727,0
2025-06-13,TSLA,테슬라,313.9700012207031,332.989990234375,313.29998779296875,325.30999755859375,128964300,20.81999969482422,45.70185665282677,321.10399169921874,333.9969985961914,0
2025-06-16,TSLA,테슬라,331.2900085449219,332.04998779296875,326.4100036621094,329.1300048828125,83925900,19.110000610351562,38.23528911304182,325.2139953613281,332.9544982910156,0
2025-06-17,TSLA,테슬라,326.0899963378906,327.260009765625,314.739990234375,316.3500061035156,88282700,21.600000381469727,36.507619953184836,323.2659973144531,331.66749877929686,0
2025-06-18,TSLA,테슬라,317.30999755859375,329.32000732421875,315.45001220703125,322.04998779296875,95137700,20.139999389648438,38.221957172621586,322.38999633789064,330.57899780273436,0
2025-06-20,TSLA,테슬라,327.95001220703125,332.3599853515625,317.7799987792969,322.1600036621094,108688000,20.6200008392334,41.47846988266417,323.0,329.9559982299805,0
2025-06-23,TSLA,테슬라,327.5400085449219,357.5400085449219,327.4800109863281,348.67999267578125,190716800,19.829999923706055,51.81152598637165,327.6739990234375,330.33799743652344,0
2025-06-24,TSLA,테슬라,356.1700134277344,356.260009765625,340.44000244140625,340.4700012207031,114736200,17.479999542236328,48.895095180223414,329.94199829101564,330.3944976806641,0
2025-06-25,TSLA,테슬라,342.70001220703125,343.0,320.3999938964844,327.54998779296875,119845100,16.760000228881836,48.69686067996979,332.18199462890624,328.62749633789065,0
2025-06-26,TSLA,테슬라,324.6099853515625,331.04998779296875,323.6099853515625,325.7799987792969,80440900,16.59000015258789,66.16304332425506,332.92799682617186,327.0714965820313,0
2025-06-27,TSLA,테슬라,324.510009765625,329.3399963378906,317.5,323.6300048828125,89067000,16.31999969482422,61.99174825498201,333.2219970703125,325.3314971923828,0
2025-06-30,TSLA,테슬라,319.8999938964844,325.5799865722656,316.6000061035156,317.6600036621094,76695100,16.729999542236328,54.07834014212659,327.01799926757815,323.89149780273436,0
2025-07-01,TSLA,테슬라,298.4599914550781,305.8900146484375,293.2099914550781,300.7099914550781,145085700,16.829999923706055,38.54279403887823,319.0659973144531,321.792497253418,0
2025-07-02,TSLA,테슬라,312.6300048828125,316.8299865722656,303.82000732421875,315.6499938964844,119483700,16.639999389648438,45.7003839284171,316.6859985351563,320.3614974975586,0
2025-07-03,TSLA,테슬라,317.989990234375,318.45001220703125,312.760009765625,315.3500061035156,58042300,16.3799991607666,48.41136582541748,314.6,319.52649841308596,0
2025-07-07,TSLA,테슬라,291.3699951171875,296.1499938964844,288.7699890136719,293.94000244140625,131177900,17.790000915527344,38.25533583506659,308.66199951171876,319.9884979248047,0
2025-07-08,TSLA,테슬라,297.0,304.04998779296875,294.3500061035156,297.80999755859375,103246700,16.809999465942383,38.27843823067456,304.69199829101564,320.1219970703125,0
2025-07-09,TSLA,테슬라,297.54998779296875,300.1499938964844,293.54998779296875,295.8800048828125,75586800,15.9399995803833,41.661911890074045,303.7260009765625,319.4869979858398,0
2025-07-10,TSLA,테슬라,300.04998779296875,310.4800109863281,300.0,309.8699951171875,104365300,15.779999732971191,45.352566117937045,302.57000122070315,318.6759979248047,0
2025-07-11,TSLA,테슬라,307.8900146484375,314.0899963378906,305.6499938964844,313.510009765625,79236400,16.399999618530273,46.78606101384959,302.202001953125,318.0299987792969,0
2025-07-14,TSLA,테슬라,317.7300109863281,322.6000061035156,312.6700134277344,316.8999938964844,78043400,17.200000762939453,35.74120298548743,306.79400024414065,317.919499206543,0
2025-07-15,TSLA,테슬라,319.67999267578125,321.20001220703125,310.5,310.7799987792969,77556300,17.3799991607666,36.42432141282325,309.38800048828125,317.1929992675781,0
2025-07-16,TSLA,테슬라,312.79998779296875,323.5,312.6199951171875,321.6700134277344,97284800,17.15999984741211,47.26054060940193,314.54600219726564,316.8199996948242,0
2025-07-17,TSLA,테슬라,323.1499938964844,324.3399963378906,317.05999755859375,319.4100036621094,73922900,16.520000457763672,47.045730794249636,316.45400390625,316.9729995727539,0
2025-07-18,TSLA,테슬라,321.6600036621094,330.8999938964844,321.4200134277344,329.6499938964844,94255000,16.40999984741211,52.5970618337774,319.6820007324219,317.3529998779297,0
2025-07-21,TSLA,테슬라,334.3999938964844,338.0,326.8800048828125,328.489990234375,75768800,16.649999618530273,54.8744202580245,322.0,317.669499206543,0
2025-07-22,TSLA,테슬라,329.739990234375,335.4100036621094,321.54998779296875,332.1099853515625,77370400,16.5,66.05973842159531,326.2659973144531,316.840998840332,0
2025-07-23,TSLA,테슬라,330.8999938964844,336.20001220703125,328.6700134277344,332.55999755859375,92553800,15.369999885559082,60.15372036336703,328.443994140625,316.44549865722655,0
2025-07-24,TSLA,테슬라,310.0,310.1499938964844,300.4100036621094,305.29998779296875,156966000,15.390000343322754,45.44134205348424,325.6219909667969,315.33299865722654,0
2025-07-25,TSLA,테슬라,308.739990234375,323.6300048828125,308.010009765625,316.05999755859375,148227000,14.930000305175781,61.10664356345222,322.90399169921875,314.8469985961914,0
2025-07-28,TSLA,테슬라,318.45001220703125,330.489990234375,315.69000244140625,325.5899963378906,112673800,15.029999732971191,63.198400466289016,322.32399291992186,314.9449981689453,0
2025-07-29,TSLA,테슬라,325.54998779296875,326.25,318.25,321.20001220703125,87358900,15.979999542236328,61.754876719765925,320.1419982910156,315.1219985961914,0
2025-07-30,TSLA,테슬라,322.17999267578125,324.45001220703125,311.6199951171875,319.0400085449219,83931900,15.479999542236328,54.78252371740737,317.43800048828126,316.0384994506836,0
2025-07-31,TSLA,테슬라,319.6099853515625,321.3699951171875,306.1000061035156,308.2699890136719,85270900,16.719999313354492,47.456301359513255,318.03200073242186,315.669499206543,0
2025-08-01,TSLA,테슬라,306.2099914550781,309.30999755859375,297.82000732421875,302.6300048828125,89121400,20.3799991607666,43.220909797604,315.34600219726565,315.0334991455078,0
2025-08-04,TSLA,테슬라,309.0799865722656,312.1199951171875,303.0,309.260009765625,78683900,17.520000457763672,49.281397298260444,312.0800048828125,315.79949951171875,0
2025-08-05,TSLA,테슬라,308.95001220703125,312.45001220703125,305.5,308.7200012207031,57961300,17.850000381469727,43.21349566721554,309.58400268554686,316.3449996948242,0
2025-08-06,TSLA,테슬라,307.8900146484375,320.4700012207031,306.92999267578125,319.9100036621094,78523600,16.770000457763672,50.23960124176152,309.75800170898435,317.54649963378904,0
2025-08-07,TSLA,테슬라,319.7900085449219,322.3999938964844,316.1600036621094,322.2699890136719,66658700,16.56999969482422,46.174578477234576,312.55800170898436,318.16649932861327,0
2025-08-08,TSLA,테슬라,321.42999267578125,335.1499938964844,320.9800109863281,329.6499938964844,91200300,15.149999618530273,50.56486336194381,317.9619995117188,318.97349853515624,0
2025-08-11,TSLA,테슬라,335.0,346.6400146484375,334.1499938964844,339.0299987792969,105320200,16.25,53.190709758614595,323.91599731445314,320.0799987792969,0
2025-08-12,TSLA,테슬라,345.0,345.260009765625,332.94000244140625,340.8399963378906,80522100,14.729999542236328,53.770490618625665,330.3399963378906,321.58299865722654,0
2025-08-13,TSLA,테슬라,341.5,348.9800109863281,338.20001220703125,339.3800048828125,67838900,14.489999771118164,70.28572445824032,334.23399658203124,322.46849822998047,0
2025-08-14,TSLA,테슬라,335.760009765625,340.4700012207031,330.3999938964844,335.5799865722656,75000700,14.829999923706055,62.66873497443202,336.89599609375,323.2769973754883,0
2025-08-15,TSLA,테슬라,337.6600036621094,339.29998779296875,327.0199890136719,330.55999755859375,74319800,15.09000015258789,53.42616938118699,337.0779968261719,323.32249755859374,0
2025-08-18,TSLA,테슬라,329.6199951171875,336.2699890136719,329.5899963378906,335.1600036621094,56956600,14.989999771118164,59.59581212018233,336.3039978027344,323.65599822998047,0
2025-08-19,TSLA,테슬라,335.7900085449219,340.54998779296875,327.8500061035156,329.30999755859375,75956000,15.569999694824219,56.7185567821234,333.997998046875,323.51599884033203,0
2025-08-20,TSLA,테슬라,329.2200012207031,331.3699951171875,314.6000061035156,323.8999938964844,77481800,15.6899995803833,60.99620323064622,330.90199584960936,323.08299865722654,0
2025-08-21,TSLA,테슬라,322.0799865722656,324.8999938964844,318.67999267578125,320.1099853515625,55744400,16.600000381469727,62.626388654978705,327.80799560546876,323.82349853515626,0
2025-08-22,TSLA,테슬라,321.6600036621094,340.25,319.69000244140625,340.010009765625,94016300,14.220000267028809,68.63861127902942,329.697998046875,325.0209991455078,0
2025-08-25,TSLA,테슬라,338.8999938964844,349.5299987792969,335.0299987792969,346.6000061035156,86670000,14.789999961853027,71.39145480615453,331.9859985351562,326.0714996337891,0
2025-08-26,TSLA,테슬라,344.92999267578125,351.8999938964844,343.7200012207031,351.6700134277344,76651600,14.619999885559082,69.267163814362,336.4580017089844,327.5949996948242,0
2025-08-27,TSLA,테슬라,351.94000244140625,355.3900146484375,349.1600036621094,349.6000061035156,65519000,14.850000381469727,66.638253472937,341.59800415039064,329.1229995727539,0
2025-08-28,TSLA,테슬라,350.9100036621094,353.54998779296875,340.260009765625,345.9800109863281,67903200,14.430000305175781,60.41853093616508,346.7720092773437,331.00850067138674,0
2025-08-29,TSLA,테슬라,347.2300109863281,348.75,331.70001220703125,333.8699951171875,81145700,15.359999656677246,46.81874266929622,345.54400634765625,332.5705001831055,0
2025-09-02,TSLA,테슬라,328.2300109863281,333.3299865722656,325.6000061035156,329.3599853515625,58392000,17.170000076293945,43.15035792569523,342.09600219726565,333.5754989624023,0
2025-09-03,TSLA,테슬라,335.20001220703125,343.3299865722656,328.510009765625,334.0899963378906,88733300,16.350000381469727,46.96221285311868,338.5799987792969,334.84399871826173,0
2025-09-04,TSLA,테슬라,336.1499938964844,338.8900146484375,331.4800109863281,338.5299987792969,60711000,15.300000190734863,51.68168362511326,336.3659973144531,335.7749984741211,0
2025-09-05,TSLA,테슬라,348.0,355.8699951171875,344.67999267578125,350.8399963378906,108989800,15.180000305175781,60.67367328169336,337.33799438476564,337.20349884033203,0
2025-09-08,TSLA,테슬라,354.6400146484375,358.44000244140625,344.8399963378906,346.3999938964844,75208300,15.109999656677246,55.92575907739436,339.843994140625,338.040998840332,0
2025-09-09,TSLA,테슬라,348.44000244140625,350.7699890136719,343.82000732421875,346.9700012207031,53816000,15.039999961853027,59.8593044275319,343.3659973144531,338.43799896240233,0
2025-09-10,TSLA,테슬라,350.54998779296875,356.3299865722656,346.07000732421875,347.7900085449219,72121700,15.350000381469727,64.05789606005101,346.1059997558594,338.7854995727539,0
2025-09-11,TSLA,테슬라,350.1700134277344,368.989990234375,347.6000061035156,368.80999755859375,103756000,14.710000038146973,73.82582059976852,352.16199951171876,340.25699920654296,0
2025-09-12,TSLA,테슬라,370.94000244140625,396.69000244140625,370.239990234375,395.94000244140625,168156400,14.760000228881836,75.5551335209621,361.1820007324219,343.275,0
2025-09-15,TSLA,테슬라,423.1300048828125,425.70001220703125,402.42999267578125,410.0400085449219,163823700,15.6899995803833,77.12500769854682,373.9100036621094,347.2490005493164,0
2025-09-16,TSLA,테슬라,414.5,423.25,411.42999267578125,421.6199951171875,104285700,16.360000610351562,78.3312910006425,388.8400024414062,351.57200012207034,0
2025-09-17,TSLA,테슬라,415.75,428.30999755859375,409.6700134277344,425.8599853515625,106133500,15.720000267028809,80.35343244944448,404.45399780273436,356.3994995117188,0
2025-09-18,TSLA,테슬라,428.8699951171875,432.2200012207031,416.55999755859375,416.8500061035156,90454500,15.699999809265137,77.0475497421811,414.06199951171874,361.0470001220703,0
2025-09-19,TSLA,테슬라,421.82000732421875,429.4700012207031,421.7200012207031,426.07000732421875,93131000,15.449999809265137,85.98189811149254,420.08800048828124,366.3450012207031,0
2025-09-22,TSLA,테슬라,431.1099853515625,444.9800109863281,429.1300048828125,434.2099914550781,97108800,16.100000381469727,89.7912828805265,424.9219970703125,371.0550003051758,0
2025-09-23,TSLA,테슬라,439.8800048828125,440.9700012207031,423.7200012207031,425.8500061035156,83422700,16.639999389648438,83.88980936086183,425.76799926757815,375.01750030517576,0
2025-09-24,TSLA,테슬라,429.8299865722656,444.2099914550781,429.0299987792969,442.7900085449219,93133600,16.18000030517578,85.25157200256722,429.15400390625,379.57350006103513,0
2025-09-25,TSLA,테슬라,435.239990234375,435.3500061035156,419.0799865722656,423.3900146484375,96746400,16.739999771118164,73.40777128250875,430.4620056152344,383.26300048828125,0
2025-09-26,TSLA,테슬라,428.29998779296875,440.4700012207031,421.0199890136719,440.3999938964844,101628200,15.289999961853027,78.05301616700194,433.3280029296875,387.98399963378904,0
2025-09-29,TSLA,테슬라,444.3500061035156,450.9800109863281,439.5,443.2099914550781,79491500,16.1200008392334,78.34257357260412,435.1280029296875,393.4509994506836,0
2025-09-30,TSLA,테슬라,441.5199890136719,445.0,433.1199951171875,444.7200012207031,74358000,16.280000686645508,78.43023524344437,438.902001953125,399.2190002441406,0
2025-10-01,TSLA,테슬라,443.79998779296875,462.2900085449219,440.75,459.4599914550781,98122300,16.290000915527344,77.60522659578916,442.2359985351562,405.4875,0
2025-10-02,TSLA,테슬라,470.5400085449219,470.75,435.57000732421875,436.0,137009000,16.6299991607666,62.478203073965446,444.75799560546875,410.36100006103516,0
2025-10-03,TSLA,테슬라,443.2900085449219,446.7699890136719,416.5799865722656,429.8299865722656,133188200,16.649999618530273,56.48469440203389,442.643994140625,414.3104995727539,0
2025-10-06,TSLA,테슬라,440.75,453.54998779296875,436.69000244140625,453.25,85324900,16.3700008392334,59.61808004394919,444.65199584960936,419.6529998779297,0
2025-10-07,TSLA,테슬라,447.82000732421875,452.67999267578125,432.45001220703125,433.0899963378906,102296100,17.239999771118164,52.00443947559499,442.32599487304685,423.95899963378906,0
2025-10-08,TSLA,테슬라,437.57000732421875,441.3299865722656,425.2300109863281,438.69000244140625,71192100,16.299999237060547,56.17158353209546,438.1719970703125,428.5039993286133,0
2025-10-09,TSLA,테슬라,431.80999755859375,436.3500061035156,426.17999267578125,435.5400085449219,69339900,16.43000030517578,52.771113473012555,438.0799987792969,431.8404998779297,0
2025-10-10,TSLA,테슬라,436.5400085449219,443.1300048828125,411.45001220703125,413.489990234375,112107900,21.65999984741211,44.39333224440289,434.81199951171874,432.71799926757814,0
2025-10-13,TSLA,테슬라,423.5299987792969,436.8900146484375,419.70001220703125,435.8999938964844,79552800,19.030000686645508,52.52728132805711,431.3419982910156,434.01099853515626,0
2025-10-14,TSLA,테슬라,426.7900085449219,434.20001220703125,417.8599853515625,429.239990234375,72669400,20.809999465942383,46.406784143550276,430.5719970703125,434.3919982910156,0
2025-10-15,TSLA,테슬라,434.8999938964844,440.510009765625,426.3299865722656,435.1499938964844,71558200,20.639999389648438,53.358841929046726,429.86399536132814,434.8564987182617,0
2025-10-16,TSLA,테슬라,434.7300109863281,439.3500061035156,421.30999755859375,428.75,77189900,25.309999465942383,46.45789271213701,428.50599365234376,435.4514984130859,0
2025-10-17,TSLA,테슬라,425.5,441.4599914550781,423.6000061035156,439.30999755859375,89331600,20.780000686645508,48.86759787199315,433.6699951171875,436.1134979248047,0
2025-10-20,TSLA,테슬라,443.8699951171875,449.79998779296875,440.6099853515625,447.42999267578125,63719000,18.229999542236328,50.75778508740115,435.9759948730469,436.77449798583984,0
2025-10-21,TSLA,테슬라,445.760009765625,449.29998779296875,442.04998779296875,442.6000061035156,54412200,17.8700008392334,45.008886052547325,438.647998046875,437.6119979858398,0
2025-10-22,TSLA,테슬라,443.45001220703125,445.5400085449219,429.0,438.9700012207031,84023500,18.600000381469727,50.99617644957436,439.41199951171876,437.4209976196289,0
2025-10-23,TSLA,테슬라,420.0,449.3999938964844,413.8999938964844,448.9800109863281,126709800,17.299999237060547,56.261859961249804,443.4580017089844,438.70049743652345,0
2025-10-24,TSLA,테슬라,446.8299865722656,451.67999267578125,430.1700134277344,433.7200012207031,94727800,16.3700008392334,43.25388785430163,442.3400024414062,438.3664978027344,0
2025-10-27,TSLA,테슬라,439.9800109863281,460.1600036621094,438.69000244140625,452.4200134277344,105867500,15.789999961853027,56.7450665853376,443.3380065917969,438.8269989013672,0
2025-10-28,TSLA,테슬라,454.7799987792969,467.0,451.6000061035156,460.54998779296875,80185700,16.420000076293945,57.495537050330356,446.9280029296875,439.61849822998045,0
2025-10-29,TSLA,테슬라,462.5,465.70001220703125,452.6499938964844,461.510009765625,67983500,16.920000076293945,59.04058860262333,451.4360046386719,439.7209991455078,0
2025-10-30,TSLA,테슬라,451.04998779296875,455.05999755859375,439.6099853515625,440.1000061035156,72447900,16.90999984741211,59.304850691399444,449.6600036621094,439.9259994506836,0
2025-10-31,TSLA,테슬라,446.75,458.0,443.69000244140625,456.55999755859375,83135800,17.440000534057617,57.53794599163974,454.2280029296875,441.2625,0
2025-11-03,TSLA,테슬라,455.989990234375,474.07000732421875,453.79998779296875,468.3699951171875,84595200,17.170000076293945,63.7597595509351,457.4179992675781,442.01849975585935,0
2025-11-04,TSLA,테슬라,454.4599914550781,460.2200012207031,443.6000061035156,444.260009765625,87756600,19.0,52.8399578435359,454.1600036621094,442.5770004272461,0
2025-11-05,TSLA,테슬라,452.04998779296875,466.3299865722656,440.7099914550781,462.07000732421875,85573000,18.010000228881836,59.697325288629166,454.2720031738281,443.7460006713867,0
2025-11-06,TSLA,테슬라,461.9599914550781,467.45001220703125,435.0899963378906,445.9100036621094,109622900,19.5,51.860204715499265,455.4340026855469,444.2645004272461,0
2025-11-07,TSLA,테슬라,437.9200134277344,439.3599853515625,421.8800048828125,429.5199890136719,103471500,19.079999923706055,45.17692616824196,450.0260009765625,445.0660003662109,0
2025-11-10,TSLA,테슬라,439.6000061035156,449.6700134277344,433.3599853515625,445.2300109863281,76515900,17.600000381469727,50.66904203242206,445.39800415039065,445.5325012207031,0
2025-11-11,TSLA,테슬라,439.3999938964844,442.489990234375,432.3599853515625,439.6199951171875,60533200,17.280000686645508,50.16370163215885,444.4700012207031,446.05150146484374,0
2025-11-12,TSLA,테슬라,442.1499938964844,442.3299865722656,426.55999755859375,430.6000061035156,58513500,17.510000228881836,45.34777734933088,438.1760009765625,445.8240020751953,0
2025-11-13,TSLA,테슬라,423.1300048828125,424.5,396.3399963378906,401.989990234375,118948000,20.0,42.477119780274634,429.3919982910156,444.4860015869141,0
2025-11-14,TSLA,테슬라,386.29998779296875,412.19000244140625,382.7799987792969,404.3500061035156,105506700,19.829999923706055,37.64585061433571,424.3580017089844,442.73800201416014,0
2025-11-17,TSLA,테슬라,398.739990234375,423.9599914550781,398.739990234375,408.9200134277344,102214300,22.3799991607666,36.48359802715183,417.09600219726565,440.8125030517578,0
2025-11-18,TSLA,테슬라,405.3800048828125,408.8999938964844,393.7099914550781,401.25,80688600,24.690000534057617,34.75974015148569,409.4220031738281,438.74500274658203,0
2025-11-19,TSLA,테슬라,406.17999267578125,411.7799987792969,398.5,403.989990234375,72047700,23.65999984741211,39.91509696568133,404.1,436.9960021972656,0
2025-11-20,TSLA,테슬라,414.6300048828125,428.94000244140625,394.739990234375,395.2300109863281,113548800,26.420000076293945,32.101800755698605,402.7480041503906,434.3085021972656,0
2025-11-21,TSLA,테슬라,402.32000732421875,402.79998779296875,383.760009765625,391.0899963378906,100460600,23.43000030517578,26.390086695172855,400.09600219726565,432.177001953125,0
2025-11-24,TSLA,테슬라,402.1700134277344,421.7200012207031,401.0899963378906,417.7799987792969,96806400,20.520000457763672,42.03561177856042,401.8679992675781,430.44500122070315,0
2025-11-25,TSLA,테슬라,414.4200134277344,420.4800109863281,405.95001220703125,419.3999938964844,71915600,18.559999465942383,35.781409242235,405.497998046875,428.3875015258789,0
2025-11-26,TSLA,테슬라,423.95001220703125,426.94000244140625,416.8900146484375,426.5799865722656,63463000,17.190000534057617,43.14878864288891,410.0159973144531,426.64100036621096,0
2025-11-28,TSLA,테슬라,426.5899963378906,432.92999267578125,426.20001220703125,430.1700134277344,36252900,16.350000381469727,50.2533811513925,417.0039978027344,426.1445007324219,0
2025-12-01,TSLA,테슬라,425.32000732421875,433.6600036621094,425.2900085449219,430.1400146484375,57463600,17.239999771118164,43.29869941894929,424.8140014648437,424.82350158691406,0
2025-12-02,TSLA,테슬라,430.80999755859375,436.79998779296875,422.1199951171875,429.239990234375,69336600,16.59000015258789,45.18909967541854,427.1059997558594,422.86700134277345,0
2025-12-03,TSLA,테슬라,432.1000061035156,447.9200134277344,431.1099853515625,446.739990234375,87483000,16.079999923706055,56.93536157772313,432.5739990234375,422.9910003662109,0
2025-12-04,TSLA,테슬라,449.94000244140625,454.6300048828125,445.3900146484375,454.5299987792969,71906500,15.779999732971191,77.49632105976477,438.16400146484375,422.61399993896487,0
2025-12-05,TSLA,테슬라,453.0299987792969,458.8699951171875,451.6600036621094,455.0,56427500,15.40999984741211,77.0421592029263,443.1299987792969,423.06849975585936,0
2025-12-08,TSLA,테슬라,447.45001220703125,449.75,435.25,439.5799865722656,69165800,16.65999984741211,64.6698350416353,445.0179931640625,423.5714996337891,0
2025-12-09,TSLA,테슬라,437.5400085449219,452.3900146484375,435.70001220703125,445.1700134277344,62367400,16.93000030517578,71.44111574711249,448.20399780273436,423.56849975585936,0
2025-12-10,TSLA,테슬라,446.07000732421875,456.8800048828125,443.6099853515625,451.45001220703125,63257500,15.770000457763672,72.39523631231819,449.1460021972656,424.1600006103516,0
2025-12-11,TSLA,테슬라,448.95001220703125,449.2699890136719,440.3299865722656,446.8900146484375,55979500,14.850000381469727,75.38323124329916,447.6180053710938,424.97450103759763,0
2025-12-12,TSLA,테슬라,448.0899963378906,463.010009765625,441.6700134277344,458.9599914550781,95656700,15.739999771118164,80.93716648805172,448.4100036621094,427.8230010986328,0
2025-12-15,TSLA,테슬라,469.44000244140625,481.7699890136719,467.6600036621094,475.30999755859375,114542200,16.5,78.9531755922203,455.556005859375,431.3710006713867,0
2025-12-16,TSLA,테슬라,472.2099914550781,491.5,465.8299865722656,489.8800048828125,107608100,16.479999542236328,81.38021424248657,464.4980041503906,435.41900024414065,0
2025-12-17,TSLA,테슬라,488.2200012207031,495.2799987792969,466.20001220703125,467.260009765625,106490400,17.6200008392334,65.92296741329648,467.6600036621094,438.71950073242186,0
2025-12-18,TSLA,테슬라,478.1600036621094,490.8599853515625,473.1199951171875,483.3699951171875,95168400,16.8700008392334,68.96476772074053,474.95599975585935,442.6885009765625,0
2025-12-19,TSLA,테슬라,488.1199951171875,490.489990234375,474.7200012207031,481.20001220703125,103305400,14.90999984741211,67.92836685551558,479.40400390625,446.9870010375977,0
2025-12-22,TSLA,테슬라,489.8800048828125,498.8299865722656,485.3299865722656,488.7300109863281,86916100,14.079999923706055,69.95907576972262,482.0880065917969,451.8690017700195,0
2025-12-23,TSLA,테슬라,489.3999938964844,491.9700012207031,482.8399963378906,485.55999755859375,58223600,14.0,64.40980096740941,481.2240051269531,455.25800170898435,0
2025-12-24,TSLA,테슬라,488.4800109863281,490.8999938964844,476.79998779296875,485.3999938964844,41285400,13.470000267028809,62.14684557246573,484.852001953125,458.55800170898436,0
2025-12-26,TSLA,테슬라,485.2300109863281,489.0899963378906,473.82000732421875,475.19000244140625,58780700,13.600000381469727,57.378847599481595,483.21600341796875,460.9885025024414,0
2025-12-29,TSLA,테슬라,469.0,469.3999938964844,459.0,459.6400146484375,66263000,14.199999809265137,57.32438739191874,478.90400390625,462.4620025634766,0
2025-12-30,TSLA,테슬라,461.0899963378906,463.1199951171875,453.8299865722656,454.42999267578125,59238500,14.329999923706055,53.3904443039539,472.04400024414065,463.67650146484374,0
2025-12-31,TSLA,테슬라,456.1000061035156,456.54998779296875,449.29998779296875,449.7200012207031,49078000,14.949999809265137,49.359207532931485,464.8760009765625,464.7005020141602,0
2026-01-02,TSLA,테슬라,457.79998779296875,458.3399963378906,435.29998779296875,438.07000732421875,85535400,14.510000228881836,46.89611132733464,455.4100036621094,464.26700286865236,0
2026-01-05,TSLA,테슬라,447.989990234375,457.54998779296875,444.57000732421875,451.6700134277344,67940800,14.899999618530273,47.46188330515541,450.706005859375,464.1240036010742,0
2026-01-06,TSLA,테슬라,446.3800048828125,448.25,428.7799987792969,432.9599914550781,89093800,14.75,35.49359260486564,445.3700012207031,463.0220031738281,0
2026-01-07,TSLA,테슬라,435.8999938964844,438.3699951171875,431.2900085449219,431.4100036621094,59828800,15.380000114440918,28.01052678695423,440.76600341796876,462.61350402832034,0
2026-01-08,TSLA,테슬라,427.8900146484375,436.8900146484375,424.3699951171875,435.79998779296875,57041100,15.449999809265137,36.28834117554421,437.98200073242185,462.145002746582,0
2026-01-09,TSLA,테슬라,435.95001220703125,449.04998779296875,430.3900146484375,445.010009765625,67331500,14.489999771118164,32.211100563083534,439.3700012207031,461.82300262451173,0
2026-01-12,TSLA,테슬라,441.2300109863281,454.29998779296875,438.0,448.9599914550781,61649600,15.119999885559082,35.291962154863896,438.8279968261719,461.92650146484374,0
2026-01-13,TSLA,테슬라,450.20001220703125,451.80999755859375,443.95001220703125,447.20001220703125,53719200,15.979999542236328,30.000961114257677,441.6760009765625,461.33850250244143,0
2026-01-14,TSLA,테슬라,442.80999755859375,443.9100036621094,434.2200012207031,439.20001220703125,57259500,16.75,28.667404376265594,443.2340026855469,459.53300323486326,0
2026-01-15,TSLA,테슬라,441.1300048828125,445.3599853515625,437.6499938964844,438.57000732421875,49465800,15.84000015258789,28.54393953418527,443.7880065917969,456.9675033569336,0
2026-01-16,TSLA,테슬라,439.5,447.25,435.260009765625,437.5,60220600,15.859999656677246,31.153112250005492,442.2860046386719,455.47950286865233,0
2026-01-20,TSLA,테슬라,429.3599853515625,430.7300109863281,417.44000244140625,419.25,63187300,20.09000015258789,30.33400833178304,436.34400634765626,452.273503112793,0
2026-01-21,TSLA,테슬라,421.6600036621094,438.20001220703125,419.6199951171875,431.44000244140625,68124000,16.899999618530273,39.518558485958344,433.19200439453124,449.7855026245117,0
2026-01-22,TSLA,테슬라,435.1600036621094,449.5,432.6300048828125,449.3599853515625,71546700,15.640000343322754,49.853509137269775,435.2239990234375,447.81700134277344,0
2026-01-23,TSLA,테슬라,447.42999267578125,452.42999267578125,444.0400085449219,449.05999755859375,56771400,16.09000015258789,54.92692251493592,437.3219970703125,445.99200134277345,0
2026-01-26,TSLA,테슬라,445.0,445.0400085449219,434.2799987792969,435.20001220703125,49397400,16.149999618530273,42.633505253563,436.86199951171875,443.4820022583008,0
2026-01-27,TSLA,테슬라,437.4100036621094,437.5199890136719,430.69000244140625,430.8999938964844,37733100,16.350000381469727,48.94228858777303,439.19199829101564,441.2675018310547,0
2026-01-28,TSLA,테슬라,431.9100036621094,438.260009765625,430.1000061035156,431.4599914550781,54857400,16.350000381469727,50.025929980820045,439.19599609375,439.8585006713867,0
2026-01-29,TSLA,테슬라,437.79998779296875,440.2300109863281,414.6199951171875,416.55999755859375,81686100,16.8799991607666,41.00093693850064,432.63599853515626,437.96500091552736,0
2026-01-30,TSLA,테슬라,425.3500061035156,439.8800048828125,422.70001220703125,430.4100036621094,82626100,17.440000534057617,43.45525687008354,428.9059997558594,436.99950103759767,0
2026-02-02,TSLA,테슬라,421.2900085449219,427.1499938964844,414.5,421.80999755859375,58739500,16.34000015258789,38.3165502809987,426.2279968261719,436.1865005493164,0
2026-02-03,TSLA,테슬라,424.2699890136719,428.55999755859375,413.69000244140625,421.9599914550781,56886500,18.0,38.985851060458,424.43999633789065,434.7009994506836,0
2026-02-04,TSLA,테슬라,420.4599914550781,423.8999938964844,399.17999267578125,406.010009765625,74606900,18.639999389648438,36.456373525489774,419.35,433.35350036621094,0
2026-02-05,TSLA,테슬라,397.0199890136719,402.1000061035156,387.5299987792969,397.2099914550781,72819800,21.770000457763672,34.17749745083623,415.47999877929686,431.64349975585935,0
2026-02-06,TSLA,테슬라,400.8699951171875,414.54998779296875,397.75,411.1099853515625,62677100,20.3700008392334,40.8067928363515,411.6199951171875,430.40899963378905,0
2026-02-09,TSLA,테슬라,409.9100036621094,421.25,407.2900085449219,417.32000732421875,54484300,17.360000610351562,49.266106616807434,410.7219970703125,429.0244995117188,0
2026-02-10,TSLA,테슬라,418.0799865722656,427.25,417.0,425.2099914550781,64450200,17.790000915527344,47.550903230775475,411.3719970703125,427.8369995117188,0
2026-02-11,TSLA,테슬라,427.9599914550781,436.3500061035156,420.0299987792969,428.2699890136719,57362000,17.649999618530273,40.61248159042433,415.82399291992186,426.89049835205077,0
2026-02-12,TSLA,테슬라,430.29998779296875,436.2300109863281,414.0,417.07000732421875,61933400,20.81999969482422,37.02020802377414,419.79599609375,425.7839981079102,0
2026-02-13,TSLA,테슬라,414.30999755859375,424.05999755859375,410.8800048828125,417.44000244140625,51434100,20.600000381469727,41.9081413586358,421.06199951171874,424.72749786376954,0
2026-02-17,TSLA,테슬라,412.3599853515625,413.7200012207031,400.510009765625,410.6300048828125,59678800,20.290000915527344,40.97104920957412,419.7239990234375,423.38399810791014,0
2026-02-18,TSLA,테슬라,411.1099853515625,416.8999938964844,409.5799865722656,411.32000732421875,45921400,19.6200008392334,41.0393358582711,416.9460021972656,422.9874984741211,0
2026-02-19,TSLA,테슬라,407.25,415.25,404.1099853515625,411.7099914550781,51019600,20.229999542236328,47.52221934310632,413.6340026855469,422.00099792480466,0
2026-02-20,TSLA,테슬라,408.29998779296875,414.70001220703125,405.5,411.82000732421875,57912200,19.09000015258789,38.95162129897623,412.58400268554686,420.1239990234375,0
2026-02-23,TSLA,테슬라,407.2900085449219,407.70001220703125,394.0400085449219,399.8299865722656,69680000,21.010000228881836,37.44286234834048,409.06199951171874,417.6624984741211,0
2026-02-24,TSLA,테슬라,399.5,410.82000732421875,397.6400146484375,409.3800048828125,58579500,19.549999237060547,43.51011925847207,408.81199951171874,416.37149810791016,0
2026-02-25,TSLA,테슬라,412.1499938964844,420.3399963378906,412.1499938964844,417.3999938964844,54809700,17.93000030517578,56.39958505156849,410.0279968261719,415.69649810791014,0
2026-02-26,TSLA,테슬라,414.4200134277344,416.80999755859375,403.6600036621094,408.5799865722656,53602500,18.6299991607666,56.386919374082865,409.40199584960936,414.55249786376953,0
2026-02-27,TSLA,테슬라,402.94000244140625,407.1199951171875,398.1099853515625,402.510009765625,56890100,19.860000610351562,44.70314340857094,407.5399963378906,413.8499984741211,0
2026-03-02,TSLA,테슬라,390.6000061035156,404.5400085449219,388.25,403.32000732421875,55088300,21.440000534057617,40.762730361902065,408.2380004882813,412.49549865722656,0
2026-03-03,TSLA,테슬라,395.0899963378906,396.3399963378906,385.3900146484375,392.42999267578125,62441000,23.56999969482422,29.195227667411856,404.847998046875,411.02649841308596,0
2025-03-31,NVDA,엔비디아,105.11091847763528,110.93986229194257,103.63119133667838,108.3603286743164,299212700,22.280000686645508,49.53922656049846,112.76553344726562,114.94254531860352,0
2025-04-01,NVDA,엔비디아,108.50029591126088,110.17999122900144,106.45067264528599,110.1300048828125,222614000,21.770000457763672,41.99826761900289,110.65791473388671,114.65113143920898,0
2025-04-02,NVDA,엔비디아,107.2705266243207,111.95967777974947,106.77061737970816,110.39995574951172,220601200,21.510000228881836,42.63697399568374,109.99003448486329,114.30773315429687,0
2025-04-03,NVDA,엔비디아,103.49121334940355,105.61082365222038,101.58155638472346,101.78152465820312,338769400,30.020000457763672,23.55603209273437,108.06438293457032,113.86982116699218,0
2025-04-04,NVDA,엔비디아,98.89205625014841,100.11182847125419,92.09328707213024,94.29288482666016,532273800,45.310001373291016,20.6197607292265,104.99293975830078,112.95150604248047,0
2025-04-07,NVDA,엔비디아,87.444123819458,101.73153089146867,86.60427995314998,97.62227630615234,611041300,46.97999954223633,28.89679384149919,102.84532928466797,112.48508224487304,0
2025-04-08,NVDA,엔비디아,103.79115551332612,105.83078615825814,94.44285411172834,96.28252410888672,476243400,52.33000183105469,24.37197660262524,100.07583312988281,111.8626953125,0
2025-04-09,NVDA,엔비디아,98.87204993981901,115.07910675948129,97.51229618216108,114.30924987792969,612918300,33.619998931884766,46.40534358363998,100.85769195556641,111.79220771789551,0
2025-04-10,NVDA,엔비디아,109.35015243101728,110.83987986480561,99.13200610877084,107.55047607421875,437812400,40.720001220703125,42.12898401413882,102.01148223876953,111.39178009033203,0
2025-04-11,NVDA,엔비디아,108.4803070767672,111.52975654810143,107.46049556472005,110.90986633300781,313417300,37.560001373291016,41.81249406826019,105.33487854003906,110.85487747192383,0
2025-04-14,NVDA,엔비디아,114.08928762467488,114.26925525660798,109.05020155855789,110.68990325927734,264705000,30.889999389648438,42.14172583025298,107.94840393066406,110.41395721435546,0
2025-04-15,NVDA,엔비디아,110.94986159507806,113.59938217981927,110.4799456735416,112.17963409423828,228966900,30.1200008392334,48.6565567804467,111.12782592773438,110.25248641967774,0
2025-04-16,NVDA,엔비디아,104.53103311878802,106.77062454919468,100.4317709352981,104.47103881835938,397016900,32.63999938964844,44.5302613265795,109.16018371582031,109.60110473632812,0
2025-04-17,NVDA,엔비디아,104.43103458781992,104.45103522860795,100.0318394876262,101.47157287597656,292517500,29.649999618530273,43.67655168036424,107.94440307617188,108.74925918579102,0
2025-04-21,NVDA,엔비디아,98.75207336541831,99.42195758129023,95.02275450080649,96.89241790771484,288501100,33.81999969482422,41.56245677723909,105.14091339111329,107.70994834899902,0
2025-04-22,NVDA,엔비디아,98.76206678289148,99.7918785816798,97.26233908492571,98.8720474243164,241004800,30.56999969482422,41.74244193783385,102.7773422241211,106.58415222167969,0
2025-04-23,NVDA,엔비디아,104.5010295750129,104.78098517141211,102.00148324580945,102.69136047363281,247526000,28.450000762939453,44.62568157628362,100.8796875,105.68531532287598,0
2025-04-24,NVDA,엔비디아,103.46122117055545,106.52066332286202,103.09128558149489,106.41068267822266,220815000,26.469999313354492,53.46401309256311,101.26761627197266,105.31888160705566,0
2025-04-25,NVDA,엔비디아,106.83061166162848,111.89969145813895,105.71081975581805,110.98986053466797,251064700,24.84000015258789,63.06321180431201,103.17127380371093,105.29788551330566,0
2025-04-28,NVDA,엔비디아,109.67009863041305,110.34997554606154,106.00075877336346,108.71027374267578,207708500,25.149999618530273,58.81979609175871,105.53484497070312,105.25089416503906,0
2025-04-29,NVDA,엔비디아,107.65046012276234,110.1799998026459,107.42050613077843,109.00021362304688,170444300,24.170000076293945,60.28793298540166,107.56047821044922,105.28288841247559,0
2025-04-30,NVDA,엔비디아,104.45104108413872,108.90023040771484,104.06111247501677,108.90023040771484,235044600,24.700000762939453,43.83686228692188,108.80225219726563,105.22139968872071,0
2025-05-01,NVDA,엔비디아,113.05947899879722,114.9191420385801,111.27980327057723,111.5897445678711,236121500,24.600000381469727,55.07283064592009,109.83806457519532,105.28088912963867,0
2025-05-02,NVDA,엔비디아,114.15928352450368,115.37906338859757,113.34943293159324,114.4792251586914,190194800,22.68000030517578,54.536222157107964,110.5359375,105.91577415466308,0
2025-05-05,NVDA,엔비디아,112.88951601094917,114.64919116473993,112.63956137373921,113.79934692382812,133163200,23.639999389648438,53.90606416027207,111.55375213623047,106.89109725952149,0
2025-05-06,NVDA,엔비디아,111.45977773347964,114.71918078517231,110.79989381468877,113.51940155029297,158525600,24.760000228881836,51.73576543058559,112.45758972167968,107.68595352172852,0
2025-05-07,NVDA,엔비디아,113.02949042053457,117.65864757290291,112.25962586336117,117.03875732421875,206758800,23.549999237060547,68.26504290623431,114.08529510498047,108.72376518249511,0
2025-05-08,NVDA,엔비디아,118.22854670795566,118.658469001105,115.82898059800607,117.34870910644531,198428100,22.479999542236328,75.03156237610804,115.23708801269531,108.8757381439209,0
2025-05-09,NVDA,엔비디아,117.32869985728382,118.20854502226882,115.18908887008638,116.62882995605469,132972200,21.899999618530273,85.42710842631001,115.66700897216796,109.3296558380127,0
2025-05-12,NVDA,엔비디아,121.94787211512306,122.9776840209961,120.25817629208265,122.9776840209961,225023300,18.389999389648438,87.40302313996678,117.50267639160157,109.93304672241212,0
2025-05-13,NVDA,엔비디아,124.95732666651305,131.19619232916256,124.44741706637032,129.9064178466797,330430100,18.219999313354492,88.51157982106758,120.7800796508789,110.89387245178223,0
2025-05-14,NVDA,엔비디아,133.17581874633882,135.4154176381041,131.65609038206884,135.3154296875,281180800,18.6200008392334,89.03589473690718,124.43541412353515,112.05066223144532,0
2025-05-15,NVDA,엔비디아,134.2656162138544,136.2752611112406,132.6359224746836,134.80552673339844,226632600,17.829999923706055,86.13469298266938,127.92677764892578,113.56738662719727,0
2025-05-16,NVDA,엔비디아,136.19528579014883,136.32526708518697,133.43579205010155,135.37542724609375,226542500,17.239999771118164,92.67198615373833,131.67609710693358,115.26257934570313,0
2025-05-19,NVDA,엔비디아,132.36596428610483,135.84532822832756,132.36596428610483,135.54539489746094,193154600,18.139999389648438,92.64373952698496,134.18963928222655,117.19522819519042,0
2025-05-20,NVDA,엔비디아,134.26561082544316,134.55556671475182,132.59591587093482,134.35560607910156,161514200,18.09000015258789,89.50960063945055,135.07947692871093,118.96940612792969,0
2025-05-21,NVDA,엔비디아,133.0358430493297,137.3750515435132,130.56629021032253,131.7760772705078,270608700,20.8700008392334,81.43879253576378,134.3716064453125,120.42364196777343,0
2025-05-22,NVDA,엔비디아,132.20599574301846,134.22563338103308,131.52612648714359,132.80589294433594,187344000,20.280000686645508,80.29750701842411,133.9716796875,121.7434024810791,0
2025-05-23,NVDA,엔비디아,129.97641506418768,132.65592152877483,129.13657112060253,131.26617431640625,198821300,22.290000915527344,78.07778440044054,133.1498291015625,122.75721817016601,0
2025-05-27,NVDA,엔비디아,134.1256417936587,135.63537744884945,133.2857979393918,135.47540283203125,192953600,18.959999084472656,81.33559991890118,133.13583068847657,124.0954746246338,0
2025-05-28,NVDA,엔비디아,136.00531758419635,137.22509744866613,134.76553707682788,134.78553771972656,304021100,19.309999465942383,77.55356353448492,133.22181701660156,125.38474082946777,0
2025-05-29,NVDA,엔비디아,142.22419152756274,143.46397204605128,137.88498259688382,139.1647491455078,369241900,19.18000030517578,80.0716721338508,134.69955139160157,126.89796676635743,0
2025-05-30,NVDA,엔비디아,138.6948289010735,139.59465948344436,132.8958783257386,135.10548400878906,333170900,18.56999969482422,73.32157450663775,135.1594696044922,128.07375373840333,0
2025-06-02,NVDA,엔비디아,135.46541564458173,138.09492795630163,135.37542038395227,137.35507202148438,197663100,18.360000610351562,70.24212919529376,136.37724914550782,129.21754608154296,0
2025-06-03,NVDA,엔비디아,138.75480693174418,141.97422364617418,137.9249557656252,141.19436645507812,225578800,17.690000534057617,67.40673288014514,137.5210418701172,130.58729705810546,0
2025-06-04,NVDA,엔비디아,142.1641966028205,142.36415725393297,139.5146683935161,141.8942413330078,167120800,17.610000610351562,61.86870535977277,138.94278259277343,132.00603904724122,0
2025-06-05,NVDA,엔비디아,142.14419665233672,143.97386636815438,138.80480646885346,139.964599609375,231397900,18.479999542236328,58.85383196874782,139.10275268554688,133.15233116149903,0
2025-06-06,NVDA,엔비디아,142.4841247816278,143.24399658328852,141.4843063108272,141.69427490234375,153986200,16.770000457763672,60.42904676086871,140.4205108642578,134.36960945129394,0
2025-06-09,NVDA,엔비디아,143.16402192873528,144.97369107987248,141.91424872977086,142.6041259765625,185114500,17.15999984741211,61.372449624287135,141.47032165527344,135.66837425231932,0
2025-06-10,NVDA,엔비디아,142.66410985007164,144.26381035974757,141.50431668274294,143.9338836669922,155881900,16.950000762939453,65.36245007439894,142.01822509765626,136.71618423461913,0
2025-06-11,NVDA,엔비디아,144.59379466225064,144.97375695921582,141.85409623212945,142.81399536132812,167694000,17.260000228881836,68.57317597326872,142.20217590332032,137.36156311035157,0
2025-06-12,NVDA,엔비디아,141.9540901919345,144.98374938964844,141.83410852298076,144.98374938964844,162365000,18.020000457763672,69.73425488900583,143.206005859375,137.844979095459,0
2025-06-13,NVDA,엔비디아,142.4640236398758,143.5639064320885,140.83421673860605,141.95408630371094,180820600,20.81999969482422,66.52196290759261,143.25796813964843,138.2024070739746,0
2025-06-16,NVDA,엔비디아,143.33393622751285,146.16360555156524,143.18394388862185,144.6737823486328,183133700,19.110000610351562,64.90580407147962,143.6718994140625,138.66732482910157,0
2025-06-17,NVDA,엔비디아,144.4738049491523,145.20371882793046,143.7638778428329,144.1038360595703,139108000,21.600000381469727,65.15904631784639,143.7058898925781,139.09524688720703,0
2025-06-18,NVDA,엔비디아,143.9938476821936,145.63366319028128,143.10394808189747,145.46368408203125,161494100,20.139999389648438,61.36345993870221,144.23582763671874,139.65065078735353,0
2025-06-20,NVDA,엔비디아,145.43368901636921,146.1836049259659,142.63399990245927,143.83387756347656,242956200,20.6200008392334,67.25914545469905,144.00585327148437,140.25354080200196,0
2025-06-23,NVDA,엔비디아,142.48402812138661,144.76377135076248,142.01407957999888,144.15383911132812,154308900,19.829999923706055,64.55423720619689,144.4458038330078,140.82093811035156,0
2025-06-24,NVDA,엔비디아,145.54367367470394,147.94341367999496,145.4836828445603,147.88340759277344,187566100,17.479999542236328,64.38693255250536,145.08772888183594,141.65179977416992,0
2025-06-25,NVDA,엔비디아,149.25328072295656,154.43269305532343,149.24327207878133,154.29270935058594,269146500,16.760000228881836,71.40888577866494,147.12550354003906,142.59266510009766,0
2025-06-26,NVDA,엔비디아,155.9625083392563,156.70243086817015,153.98273459501658,155.00262451171875,198145700,16.59000015258789,77.10859811150941,149.03329162597657,143.60351943969727,0
2025-06-27,NVDA,엔비디아,156.02250005395288,158.69221415352254,155.24258871826237,157.73231506347656,263234500,16.31999969482422,77.90520287688798,151.81297912597657,144.5318977355957,0
2025-06-30,NVDA,엔비디아,158.38224776867892,158.6422284044636,155.94253394670602,157.97230529785156,194580300,16.729999542236328,77.3778735827464,154.57667236328126,145.67523880004882,0
2025-07-01,NVDA,엔비디아,156.27249233706732,157.18239409932116,151.47304203431221,153.2828369140625,213143600,16.829999923706055,64.87431581492615,155.65655822753905,146.47162704467775,0
2025-07-02,NVDA,엔비디아,152.962850389823,157.58234297497486,152.95285700312823,157.2323760986328,171224100,16.639999389648438,71.04495256370681,156.24449157714844,147.27352752685547,0
2025-07-03,NVDA,엔비디아,158.35225101493015,160.96195919540767,157.7523273944205,159.3221435546875,143716100,16.3799991607666,70.97718559369292,157.1083953857422,148.14492263793946,0
2025-07-07,NVDA,엔비디아,158.18227071828886,159.29214695363126,157.3223664705724,158.22227478027344,140139000,17.790000915527344,75.22483814398159,157.20638732910157,149.05780639648438,0
2025-07-08,NVDA,엔비디아,159.31214783171163,160.20204749093682,158.3722507239072,159.98207092285156,138133000,16.809999465942383,74.46471159145334,157.60834045410155,149.97219619750976,0
2025-07-09,NVDA,엔비디아,161.20193770023792,164.40157611225678,161.14194686393122,162.86175537109375,183656400,15.9399995803833,77.91672211470727,159.5241241455078,150.98507766723634,0
2025-07-10,NVDA,엔비디아,164.30159583301895,164.48156834124046,161.5918927660757,164.0816192626953,167704100,15.779999732971191,77.82432350460894,160.89397277832032,151.9924644470215,0
2025-07-11,NVDA,엔비디아,163.70165728031435,167.87118822352508,163.4516852914618,164.90151977539062,193633300,16.399999618530273,82.26649198484324,162.00984802246094,153.09684066772462,0
2025-07-14,NVDA,엔비디아,165.35146259057728,165.4714595173457,162.00184716942397,164.05162048339844,136975800,17.200000762939453,79.98798660128901,163.17571716308595,154.05023422241212,0
2025-07-15,NVDA,엔비디아,171.17081299302788,172.38066881478494,169.18103056842588,170.6808624267578,230627400,17.3799991607666,81.59649143584156,165.3154754638672,155.48657302856446,0
2025-07-16,NVDA,엔비디아,171.04083672550954,171.73076187811773,168.88107501049606,171.35079956054688,158831500,17.15999984741211,78.11473756587198,167.0132843017578,156.82042388916017,0
2025-07-17,NVDA,엔비디아,172.00073538495315,174.1404950617398,170.81086624213197,172.98062133789062,160841100,16.520000457763672,78.758840943086,168.79308471679687,158.26426315307617,0
2025-07-18,NVDA,엔비디아,173.62054394819432,174.23047621121117,171.24080573231237,172.39068603515625,146456400,16.40999984741211,75.17174625417869,170.29091796875,159.61061325073243,0
2025-07-21,NVDA,엔비디아,172.73065099594356,173.36058531454748,170.9808470061149,171.36080932617188,123126100,16.649999618530273,72.3838610909718,171.75275573730468,160.9869598388672,0
2025-07-22,NVDA,엔비디아,171.32080634495316,171.37080379639445,164.5615689540832,167.01129150390625,193114300,16.5,73.21611411584988,171.0188415527344,162.12983245849608,0
2025-07-23,NVDA,엔비디아,169.511004310231,171.24080620570157,167.95118153678195,170.7608642578125,154082200,15.369999885559082,73.0337347206526,170.9008544921875,163.27370529174806,0
2025-07-24,NVDA,엔비디아,172.42067791171223,173.81052153075,171.28080627636527,173.7205352783203,128984600,15.390000343322754,73.80955144492918,171.04883728027343,164.24509658813477,0
2025-07-25,NVDA,엔비디아,173.59054858813744,174.70042482917586,172.9406275198062,173.48056030273438,122316800,14.930000305175781,75.97005242487785,171.26681213378907,165.16899337768555,0
2025-07-28,NVDA,엔비디아,174.00050427681666,176.98016607778243,173.9505068282037,176.73019409179688,140023500,15.029999732971191,77.12990806621684,172.34068908691407,166.11888732910157,0
2025-07-29,NVDA,엔비디아,177.94006357342778,179.35990260986108,175.00039060425894,175.49032592773438,154077500,15.979999542236328,71.60449869009221,174.0364959716797,166.9947883605957,0
2025-07-30,NVDA,엔비디아,176.49022309733303,179.869849375745,176.0202745228646,179.2499237060547,174312200,15.479999542236328,73.87472464341744,175.73430786132812,168.29314270019532,0
2025-07-31,NVDA,엔비디아,182.87950237318685,183.2794667127293,175.9102820488597,177.85006713867188,221685400,16.719999313354492,70.01543502524231,176.56021423339843,169.32402725219725,0
2025-08-01,NVDA,엔비디아,174.07048465468185,176.52020701181988,170.8708463561498,173.70053100585938,204529000,20.3799991607666,63.53433651570417,176.60420837402344,170.04294662475587,0
2025-08-04,NVDA,엔비디아,175.14037394842856,180.17980241597786,174.500446281802,179.97982788085938,148174600,17.520000457763672,63.17279571496197,177.25413513183594,171.13082427978514,0
2025-08-05,NVDA,엔비디아,179.59986897635343,180.23979665506658,175.8802845759961,178.24002075195312,156407600,17.850000381469727,59.47207210231279,177.8040740966797,172.04372177124023,0
2025-08-06,NVDA,엔비디아,176.31023710297544,179.87982901005608,176.23024423927978,179.39988708496094,137192300,16.770000457763672,58.94147497896901,177.83406677246094,172.8706283569336,0
2025-08-07,NVDA,엔비디아,181.54965397485878,183.85939259097617,178.77996020998395,180.74974060058594,151878400,16.56999969482422,61.40204963361935,178.41400146484375,173.70403442382812,0
2025-08-08,NVDA,엔비디아,181.52965464990967,183.27945850723472,180.3797743894202,182.6795196533203,123396700,15.149999618530273,65.06917801011596,180.20979919433594,174.59293441772462,0
2025-08-11,NVDA,엔비디아,182.02960317073044,183.8193958765311,180.22980182096376,182.0395965576172,138323200,16.25,72.20085052974397,180.6217529296875,175.49233322143556,0
2025-08-12,NVDA,엔비디아,182.9395060522284,184.4593247511904,179.43989822709233,183.1394805908203,145485700,14.729999542236328,69.83972096804251,181.60164489746094,176.11526412963866,0
2025-08-13,NVDA,엔비디아,182.59952443546638,183.9493792108361,179.32990196930365,181.56964111328125,179871700,14.489999771118164,63.166672895081575,182.035595703125,176.6262062072754,0
2025-08-14,NVDA,엔비디아,179.7298534235828,182.99949119039164,179.43989264021437,181.99960327148438,129554000,14.829999923706055,64.1999650026655,182.2855682373047,177.07715530395507,0
2025-08-15,NVDA,엔비디아,181.85962676701382,181.87961354108583,178.02004541114613,180.42977905273438,156602200,15.09000015258789,56.53246943596641,181.8356201171875,177.47910995483397,0
2025-08-18,NVDA,엔비디아,180.57976314427117,182.91949719839158,180.56975450061333,181.98959350585938,132008000,14.989999771118164,61.34773842356763,181.82561950683595,178.01054916381835,0
2025-08-19,NVDA,엔비디아,182.4095478886331,182.47954736718557,175.47033846497254,175.6203155517578,185229200,15.569999694824219,44.1919803571882,180.32178649902343,178.44100036621094,0
2025-08-20,NVDA,엔비디아,175.1503706193276,175.9802794498554,168.7810892510499,175.38034057617188,215142700,15.6899995803833,45.89564236584814,179.08392639160155,178.6719741821289,0
2025-08-21,NVDA,엔비디아,174.83041312567687,176.88017120538285,173.79052111986658,174.96038818359375,140040900,16.600000381469727,52.38998087227962,177.67608337402345,178.73396682739258,0
2025-08-22,NVDA,엔비디아,172.59066018618677,178.56998587344157,171.18081451068767,177.97006225585938,172789400,14.220000267028809,45.64749004995182,177.18414001464845,178.95844192504882,0
2025-08-25,NVDA,엔비디아,178.33002804439553,181.88962682620624,176.5502286534902,179.78985595703125,163012800,14.789999961853027,53.34485938220378,176.74419250488282,179.11142501831054,0
2025-08-26,NVDA,엔비디아,180.0398187111229,182.36955942503778,178.78995879531527,181.7496337890625,168688200,14.619999885559082,54.901978260966445,177.97005615234374,179.42439041137695,0
2025-08-27,NVDA,엔비디아,181.95959791056248,182.46955051009175,179.07993109949993,181.57965087890625,235518900,14.850000381469727,51.82098019350488,179.2099182128906,179.54087677001954,0
2025-08-28,NVDA,엔비디아,180.79974711518173,184.44933204343067,176.39023757757423,180.14981079101562,281787800,14.430000305175781,44.32483132336279,180.247802734375,179.6558639526367,0
2025-08-29,NVDA,엔비디아,178.09004428153852,178.130033086625,173.13059331145078,174.1604766845703,243257900,15.359999656677246,35.745306739015916,179.4858856201172,179.67886123657226,0
2025-09-02,NVDA,엔비디아,169.980952871088,172.36069109354864,167.20126556823303,170.7608642578125,231164900,17.170000076293945,29.325322170170267,177.68008728027343,179.21791305541993,0
2025-09-03,NVDA,엔비디아,171.0408442884315,172.3906992342715,168.86109570238054,170.60089111328125,164424900,16.350000381469727,30.774653763615703,175.4503387451172,178.83595657348633,0
2025-09-04,NVDA,엔비디아,170.55090333056648,171.8407521362954,169.39102958990665,171.64077758789062,141670100,15.300000190734863,32.22376072529829,173.46256408691406,178.4480010986328,0
2025-09-05,NVDA,엔비디아,168.01117837826322,169.0110663720669,164.05163046676552,167.0012969970703,224441400,15.180000305175781,29.152447295346477,170.832861328125,177.76057891845704,0
2025-09-08,NVDA,엔비디아,167.53122834914853,170.940849905597,167.33125381142952,168.2911376953125,163769100,15.109999656677246,28.55353887081793,169.65899353027345,177.04115982055663,0
2025-09-09,NVDA,엔비디아,169.0710489481518,170.96083655380463,166.7213214317911,170.74085998535156,157548400,15.039999961853027,41.29192554702545,169.65499267578124,176.47622299194336,0
2025-09-10,NVDA,엔비디아,176.62020974984335,179.26990675759993,175.45034266016896,177.3101348876953,226852000,15.350000381469727,52.80933169666122,170.99684143066406,176.18475570678712,0
2025-09-11,NVDA,엔비디아,179.66999584989978,180.26996857097555,176.4701769393558,177.16014099121094,151159300,14.710000038146973,53.22769798008882,172.10071411132813,175.9642807006836,0
2025-09-12,NVDA,엔비디아,177.76010410307373,178.59005971058946,176.44017029123495,177.8101043701172,124911000,14.760000228881836,49.74783156312678,174.2624755859375,175.75480575561522,0
2025-09-15,NVDA,엔비디아,175.66021109761542,178.84004186496986,174.50027206258352,177.74009704589844,147061600,15.6899995803833,46.579937746225994,176.1522674560547,175.62032165527344,0
2025-09-16,NVDA,엔비디아,176.99014687805604,177.49011904437822,174.37029760906842,174.87026977539062,140737800,16.360000610351562,38.859957164135295,176.9781494140625,175.26435546875,0
2025-09-17,NVDA,엔비디아,172.63039291663662,173.1903593144249,168.40063256525568,170.280517578125,211843800,15.720000267028809,33.99397888285969,175.57222595214844,174.99736557006835,0
2025-09-18,NVDA,엔비디아,173.9703101424577,177.09014682532762,172.95037791227023,176.23019409179688,191763300,15.699999809265137,45.07787985302391,175.38623657226563,175.03985824584962,0
2025-09-19,NVDA,엔비디아,175.7602124903078,178.07008136373162,175.17023376194967,176.66015625,237182100,15.449999809265137,53.64842443314559,175.1562469482422,175.1248466491699,0
2025-09-22,NVDA,엔비디아,175.29024236301854,184.53972732383275,174.70027887607205,183.5997772216797,269637000,16.100000381469727,66.98404521806671,176.32818298339845,175.40633239746094,0
2025-09-23,NVDA,엔비디아,181.9598706713119,182.409842567533,176.20019683221489,178.42005920410156,192559600,16.639999389648438,59.13097368281316,177.03814086914062,175.33784255981445,0
2025-09-24,NVDA,엔비디아,179.75999113536878,179.76998508551358,175.39022416770254,176.96014404296875,143564100,16.18000030517578,56.151440376854026,178.3740661621094,175.09836807250977,0
2025-09-25,NVDA,엔비디아,174.47028665549124,180.24996380236055,173.12037093203185,177.68011474609375,191586700,16.739999771118164,63.580322855440784,178.66405029296874,174.90339126586915,0
2025-09-26,NVDA,엔비디아,178.16008106951017,179.75999811527313,174.920255917913,178.18008422851562,148573700,15.289999961853027,62.83366271540201,178.96803588867186,174.80490493774414,0
2025-09-29,NVDA,엔비디아,180.4199550960203,183.98976381560166,180.30997586310093,181.8398895263672,193063500,16.1200008392334,63.96545010932197,178.61605834960938,175.188875579834,0
2025-09-30,NVDA,엔비디아,182.06986121505474,187.3395719841704,181.4698885277926,186.56961059570312,236981000,16.280000686645508,62.216342946365415,180.2459686279297,175.97931289672852,0
2025-10-01,NVDA,엔비디아,185.22969505995906,188.12952754318238,183.88975804814035,187.22958374023438,173844900,16.290000915527344,63.108562674729924,182.29985656738282,176.81074752807618,0
2025-10-02,NVDA,엔비디아,189.5894532800495,191.0393695238543,188.04953044946197,188.87948608398438,136805800,16.6299991607666,64.04465059081224,184.53973083496095,177.67268295288085,0
2025-10-03,NVDA,엔비디아,189.1794627061203,190.34939569471342,185.36967740169,187.6095428466797,137596900,16.649999618530273,62.152167949888586,186.42562255859374,178.70309524536134,0
2025-10-06,NVDA,엔비디아,185.48967202648717,187.21957143407985,183.31979467524326,185.5296630859375,157678100,16.3700008392334,63.38520789423261,187.1635772705078,179.56502151489258,0
2025-10-07,NVDA,엔비디아,186.21962980709273,189.0494741147918,183.9897582054133,185.02969360351562,140088000,17.239999771118164,70.64090452501674,186.8555938720703,180.2794631958008,0
2025-10-08,NVDA,엔비디아,186.55962017208088,189.58945025835604,186.52960780500513,189.09947204589844,130168900,16.299999237060547,69.01032380624369,187.2295715332031,180.86893005371093,0
2025-10-09,NVDA,엔비디아,192.21928773885006,195.28912405123697,191.04935474353755,192.5592803955078,182997200,16.43000030517578,71.5563950373112,187.9655303955078,181.63888702392578,0
2025-10-10,NVDA,엔비디아,193.49922565779727,195.6091088464203,182.0398719523004,183.14981079101562,268774400,21.65999984741211,49.42821942382573,187.073583984375,181.9058723449707,0
2025-10-13,NVDA,엔비디아,187.9595379156231,190.09941818271824,185.94965529464977,188.3095245361328,153482800,19.030000686645508,62.5731166591914,187.62955627441406,182.43434371948243,0
2025-10-14,NVDA,엔비디아,184.75971529942103,184.78971240822688,179.68999030007896,180.0199737548828,205641400,20.809999465942383,53.31455631864727,186.6276123046875,182.69182891845702,0
2025-10-15,NVDA,엔비디아,184.7897166440438,184.85970481354866,177.2801249034248,179.8199920654297,214450500,20.639999389648438,52.344430450129174,184.77171630859374,183.16880264282227,0
2025-10-16,NVDA,엔비디아,182.21985578014733,183.26980040587233,179.76000120804414,181.7998809814453,179723300,25.309999465942383,53.84125380316949,182.61983642578124,183.4472869873047,0
2025-10-17,NVDA,엔비디아,180.16996892604442,184.08976427610557,179.74000017155936,183.20980834960938,173135200,20.780000686645508,51.526626824516214,182.6318359375,183.77476959228517,0
2025-10-20,NVDA,엔비디아,183.1198152646831,185.18969215276272,181.71988400794234,182.6298370361328,128544700,18.229999542236328,45.16209421172136,181.4958984375,183.7262725830078,0
2025-10-21,NVDA,엔비디아,182.77981647710283,182.77981647710283,179.78999271004406,181.14991760253906,124240200,17.8700008392334,42.681749971989724,181.72188720703124,183.86276550292968,0
2025-10-22,NVDA,엔비디아,181.1299112106735,183.42978616900905,176.7501502622395,180.26995849609375,162249600,18.600000381469727,39.44076480037848,181.81188049316407,184.02825622558595,0
2025-10-23,NVDA,엔비디아,180.40994799999942,183.01980322210497,179.7799782111653,182.1498565673828,111363700,17.299999237060547,43.40262489259624,181.88187561035156,184.2517433166504,0
2025-10-24,NVDA,엔비디아,183.8297551720498,187.45955783835475,183.48977777431884,186.24961853027344,131296700,16.3700008392334,50.829487659562496,182.48983764648438,184.65522003173828,0
2025-10-27,NVDA,엔비디아,189.979423148828,191.98930570001696,188.41949722334647,191.47933959960938,153452700,15.789999961853027,56.70060372711611,184.25973815917968,185.1371925354004,0
2025-10-28,NVDA,엔비디아,193.03926234185508,203.1386912540773,191.89932637827522,201.01881408691406,297986200,16.420000076293945,61.11940205025657,188.2335174560547,185.85965270996093,0
2025-10-29,NVDA,엔비디아,207.96842303697136,212.1781954922272,204.76860414707738,207.02847290039062,308829600,16.920000076293945,62.88512227952549,193.58522033691406,186.84959716796874,0
2025-10-30,NVDA,엔비디아,205.1385766163601,206.1485301715792,201.39879452489242,202.8787078857422,178864400,16.90999984741211,69.38493401536398,197.73099060058593,187.54955825805663,0
2025-10-31,NVDA,엔비디아,206.43850017947892,207.95841980607935,202.05875446792163,202.47872924804688,179802200,17.440000534057617,65.35875348038991,200.97681274414063,188.293017578125,0
2025-11-03,NVDA,엔비디아,208.06841462190084,211.32822759164594,205.5485506791992,206.8684844970703,180267300,17.170000076293945,81.79019394153136,204.0546417236328,189.35995864868164,0
2025-11-04,NVDA,엔비디아,202.98869740675082,203.9586446199207,197.9189723693821,198.67893981933594,188919300,19.0,68.7773698008773,203.5866668701172,190.04242095947265,0
2025-11-05,NVDA,엔비디아,198.75894188581304,202.90870481768462,194.63916080574026,195.1991424560547,171350300,18.010000228881836,62.954373927149106,201.22080078125,190.34740447998047,0
2025-11-06,NVDA,엔비디아,196.40906647995496,197.60899664277025,186.3696319662745,188.0695343017578,223029800,19.5,54.23049754010104,198.25896606445312,190.12291717529297,0
2025-11-07,NVDA,엔비디아,184.8897071775586,188.3095303364016,178.90005019006267,188.1395263671875,264942300,19.079999923706055,54.839272565862636,195.39112548828126,190.37240295410157,0
2025-11-10,NVDA,엔비디아,195.09914200543773,199.9288750287355,193.7792081445882,199.03892517089844,198897100,17.600000381469727,63.48153848418334,193.82521362304686,190.90887298583985,0
2025-11-11,NVDA,엔비디아,195.14913483203398,195.40911485928362,191.28934919242405,193.1492462158203,176483300,17.280000686645508,59.02466625424018,192.71927490234376,191.56533660888672,0
2025-11-12,NVDA,엔비디아,195.70910637927892,195.87909508520013,191.1193655455878,193.78921508789062,154935300,17.510000228881836,58.3000607817539,192.43728942871093,192.26379776000977,0
2025-11-13,NVDA,엔비디아,191.03936321053533,191.42934088057365,183.8397672401686,186.84959411621094,207423100,20.0,50.411190230488224,192.19330139160155,192.51628341674805,0
2025-11-14,NVDA,엔비디아,182.8498180673128,190.99935813210442,180.56994624954729,190.15940856933594,186591900,19.829999923706055,49.07094291620153,192.59727783203124,192.86376342773437,0
2025-11-17,NVDA,엔비디아,185.95964506857126,188.98947511566342,184.30974305565786,186.58961486816406,173628900,22.3799991607666,38.9119387269329,190.10741577148437,193.06175231933594,0
2025-11-18,NVDA,엔비디아,183.36979105504545,184.7897101334883,179.63998782140993,181.3498992919922,213598900,24.690000534057617,30.031105450252994,187.74754638671874,193.0717514038086,0
2025-11-19,NVDA,엔비디아,184.7796984316032,187.8495347223247,182.8198161698128,186.50961303710938,247246400,23.65999984741211,37.46746141691,186.2916259765625,193.38373413085938,0
2025-11-20,NVDA,엔비디아,195.9390891568929,195.9890894251709,179.83999453744622,180.62994384765625,343504800,26.420000076293945,34.567030736558195,185.04769592285157,193.30773849487304,0
2025-11-21,NVDA,엔비디아,181.22991004695137,184.54971718190046,172.92036011460985,178.8700408935547,346926200,23.43000030517578,29.460096366747067,182.78982238769532,192.93875961303712,0
2025-11-24,NVDA,엔비디아,179.48001348627363,183.4897847612219,176.47017128450955,182.5398406982422,256618300,20.520000457763672,37.31930137538126,181.97986755371093,192.49178466796874,0
2025-11-25,NVDA,엔비디아,174.90026276869568,178.15008177330986,169.54056066153746,177.8101043701172,320600300,18.559999465942383,36.60040127965505,181.27190856933595,191.33134918212892,0
2025-11-26,NVDA,엔비디아,181.61988829154,182.8998157763143,178.2300777211247,180.2499542236328,183852000,17.190000534057617,43.50497129565977,180.0199768066406,189.992423248291,0
2025-11-28,NVDA,엔비디아,179.0000253919654,179.28000857805475,176.49017066740046,176.99014282226562,121332800,16.350000381469727,41.205234544411105,179.2920166015625,188.6979949951172,0
2025-12-01,NVDA,엔비디아,174.75027181562072,180.28997214473748,173.67033006996684,179.9099884033203,188131000,17.239999771118164,32.7377732882273,179.50000610351563,187.56955795288087,0
2025-12-02,NVDA,엔비디아,181.74987648908228,185.6496685428864,179.98997995570696,181.4499053955078,182632200,16.59000015258789,38.54289882913808,179.28201904296876,186.29862899780272,0
2025-12-03,NVDA,엔비디아,181.06992440272873,182.43984327721986,179.1000328161426,179.5800018310547,165138000,16.079999923706055,36.41231311759726,179.63599853515626,185.34368209838868,0
2025-12-04,NVDA,엔비디아,181.6199951171875,184.52000427246094,179.9600067138672,183.3800048828125,167364900,15.779999732971191,46.47022644709027,180.2620086669922,184.75272521972656,0
2025-12-05,NVDA,엔비디아,183.88999938964844,184.66000366210938,180.91000366210938,182.41000366210938,143971100,15.40999984741211,41.722076668078195,181.34598083496093,184.46974868774413,0
2025-12-08,NVDA,엔비디아,182.63999938964844,188.0,182.39999389648438,185.5500030517578,204378100,16.65999984741211,48.87919405676083,182.47398376464844,184.34027252197265,0
2025-12-09,NVDA,엔비디아,185.55999755859375,185.72000122070312,183.32000732421875,184.97000122070312,144719700,16.93000030517578,54.33876083058008,183.1780029296875,183.6368263244629,0
2025-12-10,NVDA,엔비디아,184.97000122070312,185.47999572753906,182.0399932861328,183.77999877929688,162785400,15.770000457763672,46.38446781212686,184.01800231933595,183.16836395263672,0
2025-12-11,NVDA,엔비디아,180.27999877929688,181.32000732421875,176.6199951171875,180.92999267578125,182136600,14.850000381469727,50.432113144027454,183.5279998779297,182.52540283203126,0
2025-12-12,NVDA,엔비디아,181.11000061035156,182.82000732421875,174.6199951171875,175.02000427246094,204274900,15.739999771118164,45.047402946637824,182.05,181.93392333984374,0
2025-12-15,NVDA,엔비디아,177.94000244140625,178.4199981689453,175.02999877929688,176.2899932861328,164775600,16.5,41.43130061639239,180.197998046875,181.2404525756836,0
2025-12-16,NVDA,엔비디아,176.25999450683594,178.49000549316406,174.89999389648438,177.72000122070312,148588100,16.479999542236328,49.8641770000253,178.747998046875,180.79697189331054,0
2025-12-17,NVDA,엔비디아,176.10000610351562,176.1300048828125,170.30999755859375,170.94000244140625,222775500,17.6200008392334,37.589866818321056,176.17999877929688,180.27647705078124,0
2025-12-18,NVDA,엔비디아,174.52999877929688,176.14999389648438,171.82000732421875,174.13999938964844,176096000,16.8700008392334,46.19470065000177,174.8220001220703,179.6579963684082,0
2025-12-19,NVDA,엔비디아,176.6699981689453,181.4499969482422,176.33999633789062,180.99000549316406,324925900,14.90999984741211,51.305004520869005,176.01600036621093,179.6759994506836,0
2025-12-22,NVDA,엔비디아,183.9199981689453,184.16000366210938,182.35000610351562,183.69000244140625,129064400,14.079999923706055,52.6329363193377,177.49600219726562,179.91699752807617,0
2025-12-23,NVDA,엔비디아,182.97000122070312,189.3300018310547,182.89999389648438,189.2100067138672,174873600,14.0,60.42433900607444,179.79400329589845,180.25050582885743,0
2025-12-24,NVDA,엔비디아,187.94000244140625,188.91000366210938,186.58999633789062,188.61000061035156,65528500,13.470000267028809,56.082804209423394,183.3280029296875,180.79050064086914,0
2025-12-26,NVDA,엔비디아,189.9199981689453,192.69000244140625,188.0,190.52999877929688,139740300,13.600000381469727,59.239866483866805,186.6060028076172,181.30450286865235,0
2025-12-29,NVDA,엔비디아,187.7100067138672,188.75999450683594,185.91000366210938,188.22000122070312,120006100,14.199999809265137,53.096727129602726,188.052001953125,181.86599578857422,0
2025-12-30,NVDA,엔비디아,188.24000549316406,188.99000549316406,186.92999267578125,187.5399932861328,97687300,14.329999923706055,52.97383900267356,188.8220001220703,182.24749603271485,0
2025-12-31,NVDA,엔비디아,189.57000732421875,190.55999755859375,186.49000549316406,186.5,120100500,14.949999809265137,53.15838524723775,188.27999877929688,182.50000076293946,0
2026-01-02,NVDA,엔비디아,189.83999633789062,192.92999267578125,188.25999450683594,188.85000610351562,148240500,14.510000228881836,59.30452758700307,188.3279998779297,182.9635009765625,0
2026-01-05,NVDA,엔비디아,191.75999450683594,193.6300048828125,186.14999389648438,188.1199951171875,183529700,14.899999618530273,67.5227177448028,187.84599914550782,183.20050048828125,0
2026-01-06,NVDA,엔비디아,190.52000427246094,192.1699981689453,186.82000732421875,187.24000549316406,176862600,14.75,64.80130584470282,187.65,183.44200057983397,0
2026-01-07,NVDA,엔비디아,188.57000732421875,191.3699951171875,186.55999755859375,189.11000061035156,153543200,15.380000114440918,65.21506408649282,187.96400146484376,183.62000045776367,0
2026-01-08,NVDA,엔비디아,189.11000061035156,189.5500030517578,183.7100067138672,185.0399932861328,172457000,15.449999809265137,70.30527671704145,187.6720001220703,183.62350006103514,0
2026-01-09,NVDA,엔비디아,185.0800018310547,186.33999633789062,183.6699981689453,184.86000061035156,131327500,14.489999771118164,66.90851276442942,186.8739990234375,183.6775001525879,0
2026-01-12,NVDA,엔비디아,183.22000122070312,187.1199951171875,183.02000427246094,184.94000244140625,137968500,15.119999885559082,57.922173467832614,186.23800048828124,183.87800064086915,0
2026-01-13,NVDA,엔비디아,185.0,188.11000061035156,183.39999389648438,185.80999755859375,160128900,15.979999542236328,54.5887328074447,185.95199890136718,184.4175003051758,0
2026-01-14,NVDA,엔비디아,184.32000732421875,184.4600067138672,180.8000030517578,183.13999938964844,159586100,16.75,35.01232759452161,184.75799865722655,184.76000061035157,0
2026-01-15,NVDA,엔비디아,186.5,189.6999969482422,186.3300018310547,187.0500030517578,206188600,15.84000015258789,46.6893087431057,185.16000061035157,185.22650070190429,0
2026-01-16,NVDA,엔비디아,189.0800018310547,190.44000244140625,186.0800018310547,186.22999572753906,187967200,15.859999656677246,40.42742260378997,185.43399963378906,185.99100036621093,0
2026-01-20,NVDA,엔비디아,181.89999389648438,182.3800048828125,177.61000061035156,178.07000732421875,223345300,20.09000015258789,32.07348150511717,184.06000061035155,186.18750076293946,0
2026-01-21,NVDA,엔비디아,179.0500030517578,185.3800048828125,178.39999389648438,183.32000732421875,200381000,16.899999618530273,43.58274438318136,183.56200256347657,186.3040008544922,0
2026-01-22,NVDA,엔비디아,184.75,186.1699981689453,183.92999267578125,184.83999633789062,139636600,15.640000343322754,47.51198382640833,183.902001953125,186.36150054931642,0
2026-01-23,NVDA,엔비디아,187.5,189.60000610351562,186.82000732421875,187.6699981689453,142748100,16.09000015258789,48.25648848353074,184.0260009765625,186.2845001220703,0
2026-01-26,NVDA,엔비디아,187.16000366210938,189.1199951171875,185.99000549316406,186.47000122070312,124799600,16.149999618530273,47.595459805438026,184.07400207519532,186.1775001525879,0
2026-01-27,NVDA,엔비디아,187.24000549316406,190.0,185.6999969482422,188.52000427246094,143711600,16.350000381469727,51.80383241814954,186.16400146484375,186.0770004272461,0
2026-01-28,NVDA,엔비디아,191.27000427246094,192.35000610351562,189.83999633789062,191.52000427246094,148552700,16.350000381469727,53.29145674187836,187.8040008544922,186.24200057983398,0
2026-01-29,NVDA,엔비디아,191.33999633789062,193.47999572753906,186.05999755859375,192.50999450683594,171764400,16.8799991607666,61.13929062263928,189.33800048828124,186.49050064086913,0
2026-01-30,NVDA,엔비디아,191.2100067138672,194.49000549316406,189.47000122070312,191.1300048828125,179489500,17.440000534057617,59.0267931950917,190.03000183105468,186.72200088500978,0
2026-02-02,NVDA,엔비디아,187.1999969482422,190.3000030517578,184.8800048828125,185.61000061035156,165794100,16.34000015258789,50.833954080770226,189.85800170898438,186.56000061035155,0
2026-02-03,NVDA,엔비디아,186.24000549316406,186.27000427246094,176.22999572753906,180.33999633789062,204019600,18.0,43.86358080863065,188.2220001220703,186.1710006713867,0
2026-02-04,NVDA,엔비디아,179.4600067138672,179.5800018310547,171.91000366210938,174.19000244140625,207014100,18.639999389648438,40.68678245146162,184.75599975585936,185.51850051879882,0
2026-02-05,NVDA,엔비디아,174.92999267578125,176.82000732421875,171.02999877929688,171.8800048828125,206312900,21.770000457763672,33.67060373273941,180.6300018310547,184.65700073242186,0
2026-02-06,NVDA,엔비디아,176.69000244140625,187.0,174.60000610351562,185.41000366210938,231346200,20.3700008392334,49.3069703776553,179.48600158691406,184.6755012512207,0
2026-02-09,NVDA,엔비디아,184.25999450683594,193.66000366210938,183.9499969482422,190.0399932861328,196387400,17.360000610351562,60.75857878936245,180.37200012207032,184.93450088500975,0
2026-02-10,NVDA,엔비디아,191.3800048828125,192.47999572753906,188.1199951171875,188.5399932861328,136764800,17.790000915527344,55.030830837013475,182.01199951171876,185.1145004272461,0
2026-02-11,NVDA,엔비디아,192.4499969482422,193.25999450683594,188.77000427246094,190.0500030517578,144192700,17.649999618530273,55.02217923362431,185.18399963378906,185.3265007019043,0
2026-02-12,NVDA,엔비디아,193.02999877929688,193.61000061035156,186.50999450683594,186.94000244140625,189932500,20.81999969482422,49.30009968689478,188.1959991455078,185.5165008544922,0
2026-02-13,NVDA,엔비디아,187.47999572753906,187.5,181.58999633789062,182.80999755859375,161888000,20.600000381469727,46.67755577853364,187.67599792480468,185.30450057983398,0
2026-02-17,NVDA,엔비디아,181.75,187.14999389648438,179.17999267578125,184.97000122070312,162276900,20.290000915527344,46.78383414004857,186.66199951171876,185.2415008544922,0
2026-02-18,NVDA,엔비디아,188.75,190.3699951171875,186.75999450683594,187.97999572753906,164749100,19.6200008392334,46.793469457256855,186.55,185.73700027465821,0
2026-02-19,NVDA,엔비디아,187.05999755859375,188.42999267578125,185.66000366210938,187.89999389648438,126554500,20.229999542236328,45.75428146946457,186.1199981689453,185.96599960327148,0
2026-02-20,NVDA,엔비디아,186.57000732421875,190.3300018310547,185.94000244140625,189.82000732421875,178422300,19.09000015258789,48.805401103151944,186.6959991455078,186.2150001525879,0
2026-02-23,NVDA,엔비디아,191.39999389648438,193.9499969482422,189.5800018310547,191.5500030517578,171584800,21.010000228881836,55.81896693471189,188.44400024414062,186.40900039672852,0
2026-02-24,NVDA,엔비디아,191.49000549316406,193.77000427246094,187.39999389648438,192.85000610351562,175123600,19.549999237060547,63.28872723500542,190.02000122070314,186.72800064086914,0
2026-02-25,NVDA,엔비디아,194.4499969482422,197.6300048828125,193.7899932861328,195.55999755859375,250637100,17.93000030517578,74.49002145952767,191.53600158691407,187.0800003051758,0
2026-02-26,NVDA,엔비디아,194.27000427246094,194.2899932861328,184.32000732421875,184.88999938964844,360807900,18.6299991607666,62.512014937704286,190.9340026855469,186.74850006103514,0
2026-02-27,NVDA,엔비디아,181.25,182.58999633789062,176.3800048828125,177.19000244140625,311636500,19.860000610351562,41.0961865591764,188.4080017089844,185.98250045776368,0
2026-03-02,NVDA,엔비디아,175.00999450683594,183.4600067138672,174.63999938964844,182.47999572753906,209095300,21.440000534057617,41.926530995347406,186.59400024414063,185.55,0
2026-03-03,NVDA,엔비디아,178.49000549316406,180.89999389648438,176.9199981689453,180.0500030517578,177582000,23.56999969482422,41.10995786976439,184.03399963378905,185.27200012207032,0
2025-03-31,AAPL,애플,216.06828445549021,224.64092215942225,215.29167046357225,221.16607666015625,65299300,22.280000686645508,51.43815076937376,220.8693603515625,220.97340393066406,0
2025-04-01,AAPL,애플,218.85612876373423,222.70932997882656,217.95007407622174,222.22146606445312,36412700,21.770000457763672,57.3840526679476,220.75784912109376,220.33916854858398,0
2025-04-02,AAPL,애플,220.35957187069846,224.212772841887,220.06087070560943,222.9184112548828,35905900,21.510000228881836,70.04230992201607,221.22779846191406,219.74923858642578,0
2025-04-03,AAPL,애플,204.64803566499702,206.58958563447752,200.37665915579902,202.30824279785156,103419000,30.020000457763672,40.16047935330404,217.1137237548828,218.14921188354492,0
2025-04-04,AAPL,애플,193.0486144227304,199.01262630823254,186.52703508606032,187.56253051757812,125910900,45.310001373291016,30.77729923253895,211.23534545898437,215.6257110595703,0
2025-04-07,AAPL,애플,176.43103817745248,193.30748067285785,173.86223225537526,180.6725616455078,160466300,46.97999954223633,28.387534004677136,203.1366424560547,213.3346969604492,0
2025-04-08,AAPL,애플,185.88979780340043,189.51400113284038,168.4757067407598,171.67176818847656,120859500,52.33000183105469,22.8092356619715,193.02670288085938,210.9242027282715,0
2025-04-09,AAPL,애플,171.20381523449285,199.7394480269994,171.14407803694525,197.98709106445312,184395900,33.619998931884766,42.67038394254673,188.04043884277343,210.02163619995116,0
2025-04-10,AAPL,애플,188.24952597387417,193.9347385570105,182.205859833413,189.59365844726562,121880000,40.720001220703125,37.14100766788119,185.49752197265624,209.06281509399415,0
2025-04-11,AAPL,애플,185.29243322025624,198.67409816298056,185.25259829067514,197.29013061523438,87435900,37.560001373291016,40.058116263295936,187.4430419921875,208.29914398193358,0
2025-04-14,AAPL,애플,210.52244846919626,212.01593914767514,200.28706023476008,201.6411590576172,101352900,30.889999389648438,40.76234335125129,191.6367614746094,207.72763442993164,0
2025-04-15,AAPL,애플,200.98401841430368,202.62685207462172,198.93296032454862,201.26280212402344,51343900,30.1200008392334,41.42566762306819,197.55496826171876,207.20242309570312,0
2025-04-16,AAPL,애플,197.49921927320653,199.82906121923162,191.5352073519423,193.42697143554688,59732400,32.63999938964844,37.53161277169542,196.6429443359375,206.15847396850586,0
2025-04-17,AAPL,애플,196.34424488667963,197.9671763411939,193.5763099497932,196.1251983642578,52164700,29.649999618530273,40.93430100428625,197.94925231933593,205.3061882019043,0
2025-04-21,AAPL,애플,192.43131586910098,192.9590147372882,188.98632373298676,192.32179260253906,46742500,33.81999969482422,37.40105772146667,196.95558471679686,204.05613708496094,0
2025-04-22,AAPL,애플,195.26894368988752,200.715208155226,195.1196006832811,198.8732452392578,52976400,30.56999969482422,40.26890811881969,196.402001953125,203.01119155883788,0
2025-04-23,AAPL,애플,205.10606155750318,207.09738254349836,201.9199510184256,203.71214294433594,52929200,28.450000762939453,42.26234297874056,196.8918701171875,202.05784759521484,0
2025-04-24,AAPL,애플,204.00086522918792,207.92376976062596,202.05933042602183,207.46575927734375,47311000,26.469999313354492,52.40438014420746,199.6996276855469,201.40270233154297,0
2025-04-25,AAPL,애플,205.47445049920006,208.8397878176709,205.30519003897632,208.371826171875,38222300,24.84000015258789,61.138344822674505,202.14895324707032,200.67736282348633,0
2025-04-28,AAPL,애플,209.08871177088434,210.5822025692478,206.55974070372147,209.2281036376953,38743100,25.149999618530273,66.34001468964715,205.53021545410155,200.2910469055176,0
2025-04-29,AAPL,애플,207.78437328663372,211.3189707788267,207.4657546631633,210.29344177246094,36827600,24.170000076293945,74.30756695958685,207.8142547607422,199.7474151611328,0
2025-04-30,AAPL,애플,208.39175489829196,212.65318081121782,205.77316280594096,211.57786560058594,52286500,24.700000762939453,62.48857613252275,209.38739929199218,199.21523513793946,0
2025-05-01,AAPL,애플,208.17271138967982,213.62892699621815,207.99348458901505,212.39431762695312,57365700,24.600000381469727,74.34103486180189,210.37311096191405,198.68903045654298,0
2025-05-02,AAPL,애플,205.19567188008233,206.0917754590827,201.2827333487594,204.45889282226562,101010600,22.68000030517578,57.61422504468259,209.59052429199218,198.79656295776368,0
2025-05-05,AAPL,애플,202.21865389928206,203.21431440062256,197.34987465543003,198.02691650390625,69018500,23.639999389648438,46.32368256613206,207.35028686523438,199.31978225708008,0
2025-05-06,AAPL,애플,197.3498735756035,199.77927242381972,196.16503515467957,197.6485595703125,51216500,24.760000228881836,46.32368256613206,204.8213104248047,200.1685821533203,0
2025-05-07,AAPL,애플,198.30570335142838,198.574535944944,192.41139491378883,195.39837646484375,68536700,23.549999237060547,52.26233710745567,201.58541259765624,201.35491256713868,0
2025-05-08,AAPL,애플,196.86199326420865,199.18188402861682,193.83517686729027,196.63299560546875,50478900,22.479999542236328,50.602991638675384,198.4331481933594,201.28720779418944,0
2025-05-09,AAPL,애플,198.1364339272832,199.6697443694255,196.6827629534363,197.66847229003906,36453900,21.899999618530273,56.79572334889523,197.07506408691407,201.69094848632812,0
2025-05-12,AAPL,애플,210.32994399020487,210.62903686932515,206.12274573806786,210.15048217773438,63775800,18.389999389648438,62.45577241412088,199.4997772216797,202.33396606445314,0
2025-05-13,AAPL,애플,209.7915962682986,212.7525871854542,208.36594186281494,212.2840118408203,51909300,18.219999313354492,60.06944718292945,202.42686767578124,202.8661087036133,0
2025-05-14,AAPL,애플,211.78550901932945,213.29093762104833,209.94113079478424,211.68582153320312,49325800,18.6200008392334,55.354277598634596,205.68435668945312,203.38725967407225,0
2025-05-15,AAPL,애플,210.3099886465303,212.31390017581901,208.90426284202815,210.8084716796875,45029500,17.829999923706055,53.09379095173478,208.5194519042969,204.2563346862793,0
2025-05-16,AAPL,애플,211.71573318604425,211.92510277199543,209.1335944967917,210.6190643310547,54737900,17.239999771118164,51.79651551903411,211.1095703125,204.98102798461915,0
2025-05-19,AAPL,애플,207.27923550566183,208.84446444770495,203.64029993754312,208.14659118652344,46140500,18.139999389648438,47.3244549111245,210.70879211425782,205.77226791381835,0
2025-05-20,AAPL,애플,207.03996203611737,207.83753801206538,204.40797196423648,206.232421875,42496600,18.09000015258789,43.44111194364343,209.49847412109375,206.14022674560547,0
2025-05-21,AAPL,애플,204.5475404614086,206.41186226922272,200.10108001028593,201.4768829345703,59211800,20.8700008392334,37.78501795494891,207.4566864013672,206.0284637451172,0
2025-05-22,AAPL,애플,200.1010778345708,202.1348820380274,199.09413231135568,200.7490997314453,46742400,20.280000686645508,45.05111020009697,205.44481201171874,205.69263076782227,0
2025-05-23,AAPL,애플,193.0824298832746,197.10020219746903,192.8730755135501,194.67758178710938,78432900,22.290000915527344,45.48857746997619,202.2565155029297,205.00791854858397,0
2025-05-27,AAPL,애플,197.6983910952664,200.1309909415137,196.83102019804124,199.60260009765625,56288500,18.959999084472656,52.34481485740318,200.54771728515624,204.52664337158203,0
2025-05-28,AAPL,애플,199.98143310081724,202.11494001836002,199.2935240345892,199.81195068359375,45339700,19.309999465942383,55.56897724183448,199.263623046875,204.00256881713867,0
2025-05-29,AAPL,애플,202.9623758748587,203.19167383577107,197.90775006205254,199.3433837890625,51396800,19.18000030517578,53.487341140919,198.83692321777343,203.3908447265625,0
2025-05-30,AAPL,애플,198.7651407343476,201.3472946799051,196.18300200128658,200.24066162109375,70819900,18.56999969482422,53.321338205467406,198.73523559570313,202.78316192626954,0
2025-06-02,AAPL,애플,199.67238359256916,201.51677709467234,199.51286535414474,201.08807373046875,35423300,18.360000610351562,33.272026101671244,200.017333984375,202.6146209716797,0
2025-06-03,AAPL,애플,200.73914706631285,203.1518034040851,200.35033086337637,202.6533203125,46381600,17.690000534057617,31.842109957082087,200.62747802734376,202.84594116210937,0
2025-06-04,AAPL,애플,202.29440469878628,205.6143037964219,201.48686455307688,202.20468139648438,43604000,17.610000610351562,32.02269686743419,201.10602416992188,203.07374725341796,0
2025-06-05,AAPL,애플,202.88261988754903,204.12882762641604,199.54277706238673,200.02133178710938,55126100,18.479999542236328,30.511567695359574,201.24161376953126,203.30489501953124,0
2025-06-06,AAPL,애플,202.3841235560851,205.07592905349443,201.4370087789868,203.30133056640625,46607700,16.770000457763672,38.10756617432995,201.85374755859374,203.63831176757813,0
2025-06-09,AAPL,애플,203.76991971327615,205.37503589356555,199.4131823149893,200.83883666992188,72862600,17.15999984741211,38.11993060299685,201.80390014648438,203.79682998657228,0
2025-06-10,AAPL,애플,199.9914028593682,203.73002568042446,199.96149509379936,202.05511474609375,54672600,16.950000762939453,43.051364731013365,201.68425903320312,203.39206161499024,0
2025-06-11,AAPL,애플,202.88262262031438,203.8795888248368,197.8080682902945,198.17694091796875,60989900,17.260000228881836,44.34575585922079,200.8787109375,202.68670806884765,0
2025-06-12,AAPL,애플,198.47602627663701,199.07419684911244,196.7612432530472,198.5956573486328,43904600,18.020000457763672,46.27071312226569,200.59357604980468,202.03219985961914,0
2025-06-13,AAPL,애플,199.12403626091725,199.76209396079906,195.1062640673262,195.85398864746094,51447300,20.81999969482422,52.302869947602446,199.10410766601564,201.28447570800782,0
2025-06-16,AAPL,애플,196.7014416228738,198.08722408394675,195.96368113091867,197.8180389404297,43020700,19.110000610351562,46.04857275879242,198.49994812011718,200.64442443847656,0
2025-06-17,AAPL,애플,196.60172782081946,197.7881200100286,194.61777485692886,195.0464630126953,38856200,21.600000381469727,40.52340058053126,197.0982177734375,199.98941802978516,0
2025-06-18,AAPL,애플,195.34553910938874,196.97059871241268,194.4781834746436,195.9835968017578,45394700,20.139999389648438,43.4409943586838,196.6595489501953,199.47697677612305,0
2025-06-20,AAPL,애플,197.63857663438114,201.08807102199273,196.2627584683704,200.39019775390625,96813500,20.6200008392334,50.25674667382064,197.01845703125,199.42264251708986,0
2025-06-23,AAPL,애플,201.01828233775666,201.686247808318,198.3563846401482,200.888671875,55814300,19.829999923706055,49.65348414427447,198.0253936767578,199.42962112426758,0
2025-06-24,AAPL,애플,201.9753521214132,202.82277936444737,199.59260382672892,199.6923065185547,54064000,17.479999542236328,44.787593347777246,198.4002471923828,199.68035736083985,0
2025-06-25,AAPL,애플,200.83883469818846,203.05210084338043,200.01135094007643,200.94850158691406,39525700,16.760000228881836,47.849822683828734,199.58065490722657,199.74765243530274,0
2025-06-26,AAPL,애플,200.81888589983927,202.025221644493,198.85487656411598,200.39019775390625,50799100,16.59000015258789,50.668573875007056,200.46197509765625,199.77656478881835,0
2025-06-27,AAPL,애플,201.2774955925489,202.60346239871808,199.39323017588663,200.46995544433594,73188600,16.31999969482422,44.19462039474467,200.4779266357422,199.83289337158203,0
2025-06-30,AAPL,애플,201.39712965217615,206.7608124915243,198.6554726965608,204.54754638671875,91912800,16.729999542236328,57.13189130947644,201.20970153808594,200.0482376098633,0
2025-07-01,AAPL,애플,206.04299395149746,209.55231908550664,205.51460310500556,207.18951416015625,78788900,16.829999923706055,59.36026366563779,202.70914306640626,200.35330963134766,0
2025-07-02,AAPL,애플,208.27621224418834,212.6927652029137,207.50854401160626,211.79550170898438,67941800,16.639999389648438,74.18550277867203,204.8785430908203,200.81041870117187,0
2025-07-03,AAPL,애플,211.5063683517463,213.9987837940836,211.16740350258758,212.90213012695312,34955800,16.3799991607666,74.80119923246583,207.38092956542968,201.3452911376953,0
2025-07-07,AAPL,애플,212.03474730839852,215.57398008038285,208.16652910348648,209.3130340576172,50229000,17.790000915527344,72.66616505957099,209.14954528808593,201.80987625122071,0
2025-07-08,AAPL,애플,209.46258702266434,210.78853856973336,207.81758380403343,209.3728485107422,42848900,16.809999465942383,70.79288283588237,210.11460571289064,202.1134521484375,0
2025-07-09,AAPL,애플,208.89430414855983,210.68884615759353,206.5913149088396,210.49942016601562,48749400,15.9399995803833,79.55751504690501,210.7765869140625,202.5964813232422,0
2025-07-10,AAPL,애플,209.87133445003573,212.83232507172787,209.39279496736208,211.7655792236328,44443600,15.779999732971191,79.81162225760445,210.77060241699218,203.08200454711914,0
2025-07-11,AAPL,애플,209.931172276849,211.48643705736623,209.2233196075129,210.51937866210938,39765800,16.399999618530273,71.72794199475513,210.29405212402344,203.69912643432616,0
2025-07-14,AAPL,애플,209.29309904361602,210.27013683517245,206.91035052542594,207.98707580566406,38840100,17.200000762939453,64.004696319711,210.02886047363282,204.16869735717773,0
2025-07-15,AAPL,애플,208.5852528191871,211.24715053377864,208.28615994072268,208.4755859375,42296300,17.3799991607666,67.82676828833962,209.8494079589844,204.79977722167968,0
2025-07-16,AAPL,애플,209.6619745482938,211.75559423754484,208.00700716596054,209.52239990234375,47490500,17.15999984741211,67.55097412921214,209.65400390625,205.3849952697754,0
2025-07-17,AAPL,애플,209.93117746335784,211.1574416148312,208.95413964633332,209.38284301757812,48068100,16.520000457763672,68.72924770548903,209.17745666503907,206.10181427001953,0
2025-07-18,AAPL,애플,210.23023432823226,211.1474413046512,209.06378582955284,210.53929138183594,48974600,16.40999984741211,70.07151364878987,209.1814392089844,206.82959899902343,0
2025-07-21,AAPL,애플,211.45652088357517,215.12534891613055,210.98794558852114,211.83535766601562,51377400,16.649999618530273,66.33882779872906,209.9510955810547,207.4018569946289,0
2025-07-22,AAPL,애플,212.49335516085276,214.29786137817433,211.58611235366487,213.74952697753906,46404100,16.5,65.20328595829253,211.0058837890625,208.04489974975587,0
2025-07-23,AAPL,애플,214.3477172095632,214.4972560435483,211.76557859278188,213.5002899169922,46989300,15.369999885559082,54.950720995133686,211.80146179199218,208.73529891967775,0
2025-07-24,AAPL,애플,213.25105536667797,215.03563331063384,212.8821827557749,213.11148071289062,46022600,15.390000343322754,50.634405101874734,212.54718933105468,209.34344787597655,0
2025-07-25,AAPL,애플,214.04862920984866,214.58699944946258,212.7525701732737,213.2311248779297,40268800,14.930000305175781,65.03453347604204,213.08555603027344,209.98549423217773,0
2025-07-28,AAPL,애플,213.3806606658472,214.19818019857897,212.41360229785764,213.40060424804688,37858000,15.029999732971191,65.32635189823733,213.3986053466797,210.63202667236328,0
2025-07-29,AAPL,애플,213.53020352524888,214.1582970701604,210.18041185237743,210.62904357910156,51411700,15.979999542236328,50.438362469773885,212.77450866699218,210.93610153198242,0
2025-07-30,AAPL,애플,211.25711581327238,211.74563469104578,207.0898047125579,208.415771484375,45512500,15.479999542236328,39.35357030970392,211.75760498046876,210.99741439819337,0
2025-07-31,AAPL,애플,207.85746883247032,209.2033639475293,206.5315020865265,206.9402618408203,80698400,16.719999313354492,38.788197448484524,210.5233612060547,210.75465240478516,0
2025-08-01,AAPL,애플,210.23025491744008,212.93203997684435,200.88868661623732,201.76602172851562,104434500,20.3799991607666,33.27971836970046,208.23034057617187,210.19784698486328,0
2025-08-04,AAPL,애플,203.8895472057539,207.24933356384108,201.06813110178,202.7330780029297,75109300,17.520000457763672,34.952968656166206,206.09683532714843,209.8688491821289,0
2025-08-05,AAPL,애플,202.78292184745098,204.71703873665678,201.5466934780596,202.30438232421875,44155100,17.850000381469727,30.45353872599253,204.43190307617186,209.51542587280272,0
2025-08-06,AAPL,애플,205.00615029681612,214.72657006985978,204.96626313259566,212.60302734375,108483100,16.770000457763672,55.625201911051455,205.26935424804688,209.62060623168946,0
2025-08-07,AAPL,애플,218.21596748517925,220.1799921230299,215.92294217468134,219.3624725341797,90224800,16.56999969482422,62.8896525404989,207.75379638671876,210.0004508972168,0
2025-08-08,AAPL,애플,220.16004899168945,230.29919347638386,218.58484056145957,228.65420532226562,113854000,15.149999618530273,69.91739873973086,213.13143310546874,210.9071922302246,0
2025-08-11,AAPL,애플,227.4864157407103,229.12329528601256,224.3324234952035,226.74781799316406,61806100,16.25,65.39581524501196,217.93438110351562,211.8452293395996,0
2025-08-12,AAPL,애플,227.57622481823222,230.36092560837628,226.63802588155738,229.21310424804688,55626200,14.729999542236328,67.68275699588116,223.31612548828124,212.88210525512696,0
2025-08-13,AAPL,애플,230.6304284784954,234.55294488479396,229.99163136972763,232.88612365722656,69878500,14.489999771118164,70.72206660541487,227.37274475097655,214.0502914428711,0
2025-08-14,AAPL,애플,233.61473725595164,234.67271834509882,230.41085227691244,232.33717346191406,51916300,14.829999923706055,69.84290286448874,229.96768493652343,215.1980079650879,0
2025-08-15,AAPL,애플,233.5548328767578,233.834298979768,228.9036945156081,231.1494140625,56038700,15.09000015258789,68.05151198751525,230.46672668457032,216.2285140991211,0
2025-08-18,AAPL,애플,231.2592012143754,232.67649791960375,229.6722297518056,230.45074462890625,37476200,14.989999771118164,71.04720896253178,231.20731201171876,217.15928344726564,0
2025-08-19,AAPL,애플,230.84001516813981,232.42698672077375,228.9136940815642,230.1213836669922,39402600,15.569999694824219,74.0081058848508,231.38896789550782,217.97787628173828,0
2025-08-20,AAPL,애플,229.54248102593337,230.0315543310328,225.3404986724704,225.5800323486328,42263900,15.6899995803833,69.30758137761731,229.92774963378906,218.5818634033203,0
2025-08-21,AAPL,애플,225.8395414786139,226.08906587116957,223.3542730460458,224.47213745117188,30621200,16.600000381469727,75.68317932184317,228.35474243164063,219.14989624023437,0
2025-08-22,AAPL,애플,225.73973438952316,228.65417758009713,224.98118568943215,227.3267059326172,42477800,14.220000267028809,76.67898181529264,227.59020080566407,219.85467529296875,0
2025-08-25,AAPL,애플,226.0491451945495,228.86378779922748,225.79962078901826,226.7278594970703,30983100,14.789999961853027,76.3969574720935,226.8456237792969,220.52103805541992,0
2025-08-26,AAPL,애플,226.43840339540802,229.0534295301293,224.26255788237486,228.87376403808594,54575100,14.619999885559082,71.34753113384741,226.59609985351562,221.43327407836915,0
2025-08-27,AAPL,애플,228.17510050695543,230.46073738560713,227.82576024347395,230.05152893066406,31259500,14.850000381469727,66.43080101439118,227.4903991699219,222.5150619506836,0
2025-08-28,AAPL,애플,230.3809040856524,232.9659733126178,228.90370861616245,232.11758422851562,38074700,14.430000305175781,56.8441303115464,229.0194885253906,223.77392807006837,0
2025-08-29,AAPL,애플,232.0676707602769,232.9360260407387,230.92984008944924,231.69837951660156,39418400,15.359999656677246,60.39394739337587,229.8938232421875,225.27054595947266,0
2025-09-02,AAPL,애플,228.81388239599917,230.4108447009183,226.53822101083426,229.28298950195312,44075600,17.170000076293945,50.147035595455634,230.40484924316405,226.59804153442383,0
2025-09-03,AAPL,애플,236.75874463665696,238.395624134605,233.9141603097862,238.01634216308594,66427800,16.350000381469727,58.89888199546869,232.23336486816407,228.38363952636718,0
2025-09-04,AAPL,애플,237.9963808412042,239.4436193831587,236.28964239378743,239.3238525390625,47549400,15.300000190734863,61.80835189728867,234.08782958984375,229.7196807861328,0
2025-09-05,AAPL,애플,239.54341659874092,240.86091270031892,238.03629475202086,239.2340087890625,54870400,15.180000305175781,64.19061087184761,235.51111450195313,230.71325759887696,0
2025-09-08,AAPL,애플,238.84475646782593,239.69313028194867,235.89038089866295,237.42745971679688,48999500,15.109999656677246,61.78754139068579,236.65693054199218,231.15192031860352,0
2025-09-09,AAPL,애플,236.54912730927947,238.3257397896772,232.9160527142261,233.9041748046875,66313900,15.039999961853027,55.76864456433772,237.58116760253907,231.50973815917968,0
2025-09-10,AAPL,애플,231.7482872752143,231.97784546194652,225.52015268533836,226.35855102539062,83440800,15.350000381469727,51.08756588256309,235.249609375,231.36701049804688,0
2025-09-11,AAPL,애플,226.44839058875493,230.01159113632517,226.21881717306923,229.59239196777344,50208600,14.710000038146973,56.75179287373686,233.30331726074218,231.20232391357422,0
2025-09-12,AAPL,애플,228.78394562468256,234.0638755168574,228.58432913969838,233.62472534179688,55824200,14.760000228881836,58.05465928592365,232.18146057128905,231.26670150756837,0
2025-09-15,AAPL,애플,236.54912714503797,237.7368657054393,234.58287368836292,236.24969482421875,42699500,15.6899995803833,61.577648836878794,231.94590759277344,231.5217155456543,0
2025-09-16,AAPL,애플,236.72878926810645,240.76111223381088,235.87043992435724,237.6969451904297,63421100,16.360000610351562,60.91357260414622,232.70446166992187,231.88402557373047,0
2025-09-17,AAPL,애플,238.5153883976145,239.6432435766681,237.27774187166392,238.5353546142578,46508000,15.720000267028809,60.58265954045041,235.13982238769532,232.30472412109376,0
2025-09-18,AAPL,애플,239.5134800259323,240.74113579799257,236.199788714976,237.42745971679688,44249600,15.699999809265137,56.78570397866564,236.7068359375,232.89709548950196,0
2025-09-19,AAPL,애플,240.77107799962133,245.83144010441063,239.7530294205925,245.032958984375,163741300,15.449999809265137,64.39653953906429,238.9884826660156,233.9251365661621,0
2025-09-22,AAPL,애플,247.82763635806887,256.15178189089505,247.64797087114997,255.5928192138672,105517400,16.100000381469727,74.15686260224953,242.85710754394532,235.33844223022462,0
2025-09-23,AAPL,애플,255.39322235208516,256.8504363399061,253.0975947938589,253.9459686279297,60275200,16.639999389648438,66.81414446876101,246.1069122314453,236.69934768676757,0
2025-09-24,AAPL,애플,254.73446948849343,255.2534845023776,250.56241362070242,251.8300018310547,42303700,16.18000030517578,62.97906033594043,248.76584167480468,237.847159576416,0
2025-09-25,AAPL,애플,252.72829161839874,256.6807646844572,251.2311452680336,256.3813171386719,55202100,16.739999771118164,66.28744573585885,252.55661315917968,239.1636489868164,0
2025-09-26,AAPL,애플,253.61660096533106,257.10994249251326,253.2972024297037,254.97401428222656,46076300,15.289999961853027,66.79404619720547,254.54482421875,240.30647048950195,0
2025-09-29,AAPL,애플,254.0757261912774,254.5148915782133,252.52867184357527,253.9459686279297,40127700,16.1200008392334,70.14446493802795,254.2154541015625,241.41884994506836,0
2025-09-30,AAPL,애플,254.37515755125318,255.4331385813304,252.6284867333586,254.14559936523438,37704300,16.280000686645508,82.76838720079232,254.25538024902343,242.66198043823243,0
2025-10-01,AAPL,애플,254.55481135314994,258.29769267334166,254.44502000530687,254.9640350341797,48713900,16.290000915527344,81.7274314831154,254.88218688964844,243.5093650817871,0
2025-10-02,AAPL,애플,256.09186667190835,257.68882891050583,253.66649683440303,256.6408386230469,42630200,16.6299991607666,80.58356758545403,254.93409118652343,244.37521438598634,0
2025-10-03,AAPL,애플,254.18552630266564,258.7468246365968,253.46689477740222,257.5291442871094,49155600,16.649999618530273,79.64407637138157,255.4451171875,245.28997116088868,0
2025-10-06,AAPL,애플,257.49920544747016,258.5771679771474,254.56481112131073,256.2016906738281,44664100,16.3700008392334,75.86500928406684,255.8962615966797,246.22868270874022,0
2025-10-07,AAPL,애플,256.3214394907812,256.91031341337026,254.94405994391948,255.99208068847656,31955800,17.239999771118164,74.83672219978898,256.26555786132815,247.33307800292968,0
2025-10-08,AAPL,애플,256.03198246417537,258.0281776413904,255.62275879770374,257.5690612792969,36496900,16.299999237060547,78.2791858336704,256.78656311035155,248.893603515625,0
2025-10-09,AAPL,애플,257.3195337882977,257.50917476461467,252.65841993311406,253.55670166015625,38322000,16.43000030517578,63.3104777372388,256.16973571777345,250.09181900024413,0
2025-10-10,AAPL,애플,254.45500785015722,255.8922708493858,243.53581752909898,244.80340576171875,61999100,21.65999984741211,32.144038602078695,253.6245880126953,250.65075302124023,0
2025-10-13,AAPL,애플,248.90558714178317,249.2149949644775,245.09284695690994,247.18885803222656,38142900,19.030000686645508,39.08416576201365,251.822021484375,251.1977111816406,0
2025-10-14,AAPL,애플,246.13087266264282,248.37659224814226,244.23447809703134,247.29864501953125,35478000,20.809999465942383,42.17241061191139,250.08333435058594,251.67779617309571,0
2025-10-15,AAPL,애플,249.01537013681215,251.3409393203658,246.99920876557604,248.8656463623047,33893600,20.639999389648438,35.52477598605809,248.3426513671875,252.19431076049804,0
2025-10-16,AAPL,애플,247.7777291727393,248.56621957555782,244.66366953460536,246.979248046875,39777000,25.309999465942383,34.881052758545266,247.02716064453125,252.67190017700196,0
2025-10-17,AAPL,애플,247.5481624372989,252.89796599708643,246.79958926324147,251.81002807617188,49147000,20.780000686645508,46.468620188409545,248.42848510742186,253.0107536315918,0
2025-10-20,AAPL,애플,255.4032084113237,263.87706298772724,255.14370850365398,261.7411193847656,90483000,18.229999542236328,59.50063365550517,251.33893737792968,253.31816864013672,0
2025-10-21,AAPL,애플,261.38182000576944,264.7853366806196,261.33189684706855,262.2701110839844,46695900,17.8700008392334,59.20524494655582,254.3332305908203,253.73437576293946,0
2025-10-22,AAPL,애플,262.15033525743416,262.349966966352,254.94406918261987,257.9583435058594,45015300,18.600000381469727,51.5566250672451,256.1517700195312,254.0407928466797,0
2025-10-23,AAPL,애플,259.4454820834593,260.12418111371363,257.51916110368444,259.0861511230469,32754900,17.299999237060547,51.8292429329268,258.5731506347656,254.17603454589843,0
2025-10-24,AAPL,애플,260.69310343226954,263.6275126875418,258.68691759501684,262.32000732421875,38253700,16.3700008392334,56.87989650214305,260.675146484375,254.54333419799804,0
2025-10-27,AAPL,애플,264.37609822840903,268.60802232244004,264.1465248140549,268.2986145019531,44888200,15.789999961853027,62.249164451040606,261.9866455078125,255.2609664916992,0
2025-10-28,AAPL,애플,268.4782600095115,269.3765722048576,267.63986169210665,268.4882507324219,41534800,16.420000076293945,61.17696782420236,263.2302734375,255.97809906005858,0
2025-10-29,AAPL,애플,268.76770579477784,270.8936584399069,266.6018207191691,269.1869201660156,51086700,16.920000076293945,67.16356239485802,265.4759887695312,256.6892433166504,0
2025-10-30,AAPL,애플,271.4725408872279,273.6184749716116,267.969239224885,270.8836669921875,69886500,16.90999984741211,83.89107400771414,267.8354919433594,257.4013847351074,0
2025-10-31,AAPL,애플,276.4630533049319,276.79244258078194,268.647962249571,269.85565185546875,86167100,17.440000534057617,80.5324747876896,269.3426208496094,258.01771011352537,0
2025-11-03,AAPL,애플,269.90556627002525,270.33474092754267,265.74348587775046,268.53814697265625,50194600,17.170000076293945,77.70836733962632,269.39052734375,258.6345329284668,0
2025-11-04,AAPL,애플,267.8195068636227,270.9734988318123,267.11086611942017,269.5262756347656,49274800,19.0,77.36652096951597,269.59813232421874,259.3112426757813,0
2025-11-05,AAPL,애플,268.0989800730272,271.18312844251227,266.4221834255846,269.6260986328125,43683100,18.010000228881836,81.48769840731035,269.68596801757815,259.91409454345705,0
2025-11-06,AAPL,애플,267.38037702601645,272.8798740142925,267.38037702601645,269.25677490234375,51204000,19.5,77.69327576000953,269.3605895996094,260.69909820556643,0
2025-11-07,AAPL,애플,269.28671541495146,271.7719991063764,266.26248096015127,267.9592590332031,48227400,19.079999923706055,63.59667737018975,268.98131103515624,261.8568908691406,0
2025-11-10,AAPL,애플,268.7085692371889,273.4741297822401,267.20997142836535,269.1781311035156,41312400,17.600000381469727,64.66280256823492,269.10930786132815,262.95635452270506,0
2025-11-11,AAPL,애플,269.55775905965567,275.65206242273547,269.5477586519058,274.99267578125,46208300,17.280000686645508,83.98838193476104,270.202587890625,264.341056060791,0
2025-11-12,AAPL,애플,274.74292397164845,275.4722525277038,271.4460210796085,273.21435546875,48398000,17.510000228881836,77.47655353249031,270.9202392578125,265.5584915161133,0
2025-11-13,AAPL,애플,273.85374352181776,276.4413491841305,271.83564282199285,272.6948547363281,49602800,20.0,72.55871544657182,271.60785522460935,266.8442718505859,0
2025-11-14,AAPL,애플,270.7965900477885,275.70200347225597,269.3479639093673,272.15533447265625,47431300,19.829999923706055,60.98397473226035,272.4470703125,267.86153717041014,0
2025-11-17,AAPL,애플,268.5687054184609,270.2371271729127,265.48159771217263,267.2099609375,45018300,22.3799991607666,47.1354027752132,272.0534362792969,268.1349792480469,0
2025-11-18,AAPL,애플,269.7376065335732,270.4569347049811,265.0719890725528,267.19000244140625,45677300,24.690000534057617,45.38458825603949,270.49290161132814,268.38097381591797,0
2025-11-19,AAPL,애플,265.2817633125939,271.9555110777923,265.2517925781922,268.3089294433594,40424500,23.65999984741211,43.885781537841645,269.51181640625,268.898503112793,0
2025-11-20,AAPL,애플,270.5768036466949,275.17250947675234,265.67142054546326,266.0010986328125,45823600,26.420000076293945,41.371102834078904,268.1730651855469,269.24425048828124,0
2025-11-21,AAPL,애플,265.70137680880595,273.0744516711978,265.4216397990326,271.2361755371094,59030800,23.43000030517578,55.13857034416779,267.9892333984375,269.69005889892577,0
2025-11-24,AAPL,애플,270.64675212306133,276.7410558404627,270.64675212306133,275.6620788574219,65585800,20.520000457763672,60.33294343291897,269.6796569824219,270.05823211669923,0
2025-11-25,AAPL,애플,275.012667049666,280.1179060838009,274.9926967216935,276.7110900878906,46914200,18.559999465942383,61.56179127311626,271.58387451171876,270.46937408447263,0
2025-11-26,AAPL,애플,276.70108254872224,279.26868736786383,276.3714044558947,277.29052734375,33431400,17.190000534057617,63.02075604964359,273.38019409179685,270.8745544433594,0
2025-11-28,AAPL,애플,277.0008150112318,278.73917862681736,275.73198274965245,278.5893249511719,20135600,16.350000381469727,67.22803206558726,275.89783935546876,271.2598373413086,0
2025-12-01,AAPL,애플,277.75011957449965,283.1550658399818,275.88187257202503,282.8353576660156,46587700,17.239999771118164,70.1563431766959,278.21767578125,271.90882263183596,0
2025-12-02,AAPL,애플,282.7354345985028,287.1313151163589,282.36578537497866,285.9224548339844,53669500,16.59000015258789,67.54334317251352,280.2697509765625,272.77803802490234,0
2025-12-03,AAPL,애플,285.9324708384744,288.35019153510143,283.0351573834178,283.8843688964844,43538700,16.079999923706055,66.98475896784197,281.70440673828125,273.4959426879883,0
2025-12-04,AAPL,애플,283.83440686502166,284.46382276925783,278.32954829392816,280.4375915527344,43989100,15.779999732971191,61.274353837868006,282.3338195800781,274.03651733398436,0
2025-12-05,AAPL,애플,280.27774306596746,280.8771882481053,277.79005013345267,278.5193786621094,47265800,15.40999984741211,58.90910395869985,282.3198303222656,274.49964752197263,0
2025-12-08,AAPL,애플,277.86998437615557,279.4085531850005,275.8918244790692,277.6302185058594,38211800,16.65999984741211,66.45634226392724,281.2788024902344,274.98319549560546,0
2025-12-09,AAPL,애플,277.8999627322321,279.7682096639769,276.6611317163261,276.9208679199219,32193300,16.93000030517578,65.04011659992358,279.4784851074219,275.3703323364258,0
2025-12-10,AAPL,애플,277.490342786908,279.48847306800184,276.1815698919154,278.5193786621094,33038300,15.770000457763672,65.55082500580991,278.4054870605469,275.5466674804687,0
2025-12-11,AAPL,애플,278.83908758708685,279.3286197507982,273.5540244422053,277.77008056640625,33248000,14.850000381469727,68.81787484873327,277.8719848632812,275.7744537353516,0
2025-12-12,AAPL,애플,277.64021728323,278.9589906850317,276.5612402656973,278.0198669433594,39532900,15.739999771118164,62.90388495823861,277.77208251953124,276.04070434570315,0
2025-12-15,AAPL,애플,279.8880911943856,279.8880911943856,272.5849275039148,273.8537292480469,50409100,16.5,46.525838111654416,277.01678466796875,276.12562408447263,0
2025-12-16,AAPL,애플,272.5649667835892,275.2424541197232,271.53593087885605,274.353271484375,37648600,16.479999542236328,45.37251214355448,276.5032653808594,276.48278961181643,0
2025-12-17,AAPL,애플,274.75292651919426,275.90184538512057,271.38608172110213,271.58587646484375,50138700,17.6200008392334,39.68946497517926,275.11656494140624,276.7025833129883,0
2025-12-18,AAPL,애플,273.35420232069225,273.374203136776,266.7004552212896,271.935546875,51630700,16.8700008392334,37.546764389724004,273.949658203125,276.8839141845703,0
2025-12-19,AAPL,애플,271.8955859651445,274.34330788170604,269.64768928264715,273.4141845703125,144632000,14.90999984741211,30.329660246942538,273.0285217285156,277.2545684814453,0
2025-12-22,AAPL,애플,272.6048920133635,273.62395794129594,270.25711338978425,270.7166748046875,36571800,14.079999923706055,17.72703189710228,272.40111083984374,277.22859344482424,0
2025-12-23,AAPL,애플,270.5868091030317,272.2452609569047,269.30800689497966,272.1053771972656,29642000,14.0,24.291434874352575,271.9515319824219,277.0507583618164,0
2025-12-24,AAPL,애플,272.085389177814,275.17249671786806,271.9455359163183,273.55401611328125,17910600,13.470000267028809,33.54042705966313,272.34515991210935,276.8929046630859,0
2025-12-26,AAPL,애플,273.9037084592662,275.1125687682936,272.6049054553,273.1444091796875,21521800,13.600000381469727,36.148376045790656,272.58693237304686,276.6855987548828,0
2025-12-29,AAPL,애플,272.4350823114352,274.10350406329195,272.0954038139857,273.50408935546875,23715200,14.199999809265137,39.068389571370595,272.60491333007815,276.4313369750977,0
2025-12-30,AAPL,애플,272.5549704076282,273.82377221524894,272.02546707967076,272.82470703125,22139600,14.329999923706055,39.13052632601861,273.0265197753906,275.93080444335936,0
2025-12-31,AAPL,애플,272.80472532736104,273.42414083736213,271.49595243002375,271.6058349609375,27293600,14.949999809265137,31.277159494934637,272.926611328125,275.21497344970703,0
2026-01-02,AAPL,애플,272.0054842546519,277.58025431004916,268.7485221479618,270.75665283203125,37838100,14.510000228881836,31.108860626306992,272.367138671875,274.5585876464844,0
2026-01-05,AAPL,애플,270.38700744645297,271.25618925068443,265.89121426121545,267.0101623535156,45647200,14.899999618530273,25.045376319095126,271.1402893066406,273.88721618652346,0
2026-01-06,AAPL,애플,266.7503924619391,267.2998660934885,261.8749496989937,262.1147155761719,52352100,14.75,24.243848611702575,268.86241455078124,273.0669830322266,0
2026-01-07,AAPL,애플,262.95395138764474,263.4334831315393,259.56710600115036,260.08660888671875,48309800,15.380000114440918,20.665637588946197,266.314794921875,272.1898025512695,0
2026-01-08,AAPL,애플,256.7797203952787,259.0476178563403,255.46096229095477,258.7978515625,50419300,15.449999809265137,22.003586422903936,263.7531982421875,271.2836517333984,0
2026-01-09,AAPL,애플,258.8377955175017,259.9667440583015,255.98048371428257,259.1275329589844,39997000,14.489999771118164,21.935262122470476,261.4273742675781,270.3140594482422,0
2026-01-12,AAPL,애플,258.9177364764393,261.05572011368304,256.5599267903311,260.0067138671875,45263800,15.119999885559082,19.829139654982967,260.0266845703125,269.42589111328124,0
2026-01-13,AAPL,애플,258.4781303943212,261.56523797230057,258.148452318208,260.8059387207031,45730800,15.979999542236328,25.614490363835955,259.7649291992187,268.56519470214846,0
2026-01-14,AAPL,애플,259.247418118488,261.57525710051715,256.4700180914029,259.71697998046875,40019400,16.75,19.0618164635587,259.6910034179688,267.85835723876954,0
2026-01-15,AAPL,애플,260.40631875644857,260.7959687899761,256.8096782083212,257.9685974121094,39388600,15.84000015258789,11.651851618241807,259.5251525878906,267.03912353515625,0
2026-01-16,AAPL,애플,257.6589020182799,258.6579671912775,254.69167723491495,255.29112243652344,72142800,15.859999656677246,10.482031314911495,258.75787048339845,266.22438583374026,0
2026-01-20,AAPL,애플,252.49373739571587,254.55180921698133,243.19244305608962,246.46937561035156,80267500,20.09000015258789,6.4670844654244775,256.05040283203124,264.9510772705078,0
2026-01-21,AAPL,애플,248.46750904444812,251.3248360900433,244.9507953165175,247.41848754882812,54641700,16.899999618530273,9.441701077837777,253.37291259765624,263.6512924194336,0
2026-01-22,AAPL,애플,248.96703988447874,250.76536025794266,247.9180183962477,248.1178436279297,39708300,15.640000343322754,11.871507757181902,251.05308532714844,262.5213508605957,0
2026-01-23,AAPL,애플,247.08880782235642,249.17685039145397,244.45126111041233,247.80812072753906,41689000,16.09000015258789,12.083135213467742,249.02098999023437,261.3064880371094,0
2026-01-26,AAPL,애플,251.24490015634893,256.32015295784896,249.5664780183616,255.17123413085938,55969200,16.149999618530273,32.52725148474538,248.99701232910155,260.3873489379883,0
2026-01-27,AAPL,애플,258.92771692213245,261.70511669708895,257.96859246831417,258.0285339355469,49648300,16.350000381469727,43.583281336710954,251.30884399414063,259.6315551757813,0
2026-01-28,AAPL,애플,257.409147241713,258.61800761819165,254.27208306792676,256.2002868652344,41288000,16.350000381469727,43.858580539126606,253.06520385742186,258.76636505126953,0
2026-01-29,AAPL,애플,257.75880668092503,259.4072580677027,254.17216647920577,258.0385437011719,67253000,16.8799991607666,48.82057539197228,255.04934387207032,258.0270568847656,0
2026-01-30,AAPL,애플,254.93144331105526,261.6551472598355,251.94423313215475,259.2374267578125,92443400,17.440000534057617,50.16620879628091,257.335205078125,257.40863647460935,0
2026-02-02,AAPL,애플,259.7869174093499,270.2371306501278,258.9676766447768,269.7575988769531,73913400,16.34000015258789,61.4179111944608,260.2524780273437,257.35868377685546,0
2026-02-03,AAPL,애플,268.9483513556569,271.6258386480508,267.3598109321867,269.22808837890625,64394700,18.0,59.92470262968999,262.4923889160156,257.469580078125,0
2026-02-04,AAPL,애플,272.03545112075,278.68922850453845,272.03545112075,276.23150634765625,90545700,18.639999389648438,67.07997745175831,266.4986328125,258.17541961669923,0
2026-02-05,AAPL,애플,277.86999494352693,279.2387093202658,272.97458180817284,275.6520690917969,52977400,21.770000457763672,68.7421200565383,270.021337890625,258.9536926269531,0
2026-02-06,AAPL,애플,276.8609202349588,280.6473855638201,276.67109542368036,277.8599853515625,50453400,20.3700008392334,74.16046132279104,273.745849609375,259.90679931640625,0
2026-02-09,AAPL,애플,277.9100036621094,278.20001220703125,271.70001220703125,274.6199951171875,44623400,17.360000610351562,84.22614707782293,274.71832885742185,260.6814224243164,0
2026-02-10,AAPL,애플,274.8900146484375,275.3699951171875,272.94000244140625,273.67999267578125,34376900,17.790000915527344,81.93639419654752,275.60870971679685,261.3650863647461,0
2026-02-11,AAPL,애플,274.70001220703125,280.17999267578125,274.45001220703125,275.5,51931300,17.649999618530273,82.41567758691636,275.4624084472656,262.09978942871095,0
2026-02-12,AAPL,애플,275.5899963378906,275.7200012207031,260.17999267578125,261.7300109863281,81077200,20.81999969482422,62.498051428053245,272.67799682617186,262.20044097900393,0
2026-02-13,AAPL,애플,262.010009765625,262.2300109863281,255.4499969482422,255.77999877929688,56290700,20.600000381469727,50.560730850316226,268.2619995117187,262.0910110473633,0
2026-02-17,AAPL,애플,258.04998779296875,266.2900085449219,255.5399932861328,263.8800048828125,58469100,20.290000915527344,54.915067240250536,266.11400146484374,262.52045516967775,0
2026-02-18,AAPL,애플,263.6000061035156,266.82000732421875,262.45001220703125,264.3500061035156,34203300,19.6200008392334,57.00537660358986,264.2480041503906,263.41448669433595,0
2026-02-19,AAPL,애플,262.6000061035156,264.4800109863281,260.04998779296875,260.5799865722656,30845300,20.229999542236328,52.11436748223766,261.2640014648438,264.0725616455078,0
2026-02-20,AAPL,애플,258.9700012207031,264.75,258.1600036621094,264.5799865722656,42070500,19.09000015258789,54.2468353417045,261.83399658203126,264.8956687927246,0
2026-02-23,AAPL,애플,263.489990234375,269.42999267578125,263.3800048828125,266.17999267578125,37308200,21.010000228881836,46.686193731778175,263.91399536132815,265.8142623901367,0
2026-02-24,AAPL,애플,267.8599853515625,274.8900146484375,267.7099914550781,272.1400146484375,47014600,19.549999237060547,52.45066967198041,265.5659973144531,266.66270141601564,0
2026-02-25,AAPL,애플,271.7799987792969,274.94000244140625,271.04998779296875,274.2300109863281,33714300,17.93000030517578,48.163678321576505,267.5419982910156,267.4727752685547,0
2026-02-26,AAPL,애플,274.95001220703125,276.1099853515625,270.79998779296875,272.95001220703125,32345100,18.6299991607666,47.55239458469962,270.01600341796876,268.31026153564454,0
2026-02-27,AAPL,애플,272.80999755859375,272.80999755859375,262.8900146484375,264.17999267578125,72366500,19.860000610351562,38.924889092251334,269.9360046386719,268.617333984375,0
2026-03-02,AAPL,애플,262.4100036621094,266.5299987792969,260.20001220703125,264.7200012207031,41827900,21.440000534057617,41.618710667856504,269.6440063476563,268.8914627075195,0
2026-03-03,AAPL,애플,263.4800109863281,265.55999755859375,260.1300048828125,263.75,38467800,23.56999969482422,41.59758173472213,267.96600341796875,268.59108276367186,0
2025-03-31,MSFT,마이크로소프트,369.7096411618319,374.20522334023684,364.449889664545,372.5379943847656,35184700,22.280000686645508,45.56293147941114,383.04754028320315,384.6631744384766,0
2025-04-01,MSFT,마이크로소프트,371.80362246362756,379.9413357760227,370.3944277527412,379.2863464355469,19689500,21.770000457763672,49.11476675918934,380.47324829101564,384.34461517333983,0
2025-04-02,MSFT,마이크로소프트,375.0983928958324,382.1543604865691,373.7586433966847,379.2367248535156,16092600,21.510000228881836,52.979692737369405,378.9191467285156,383.4077880859375,0
2025-04-03,MSFT,마이크로소프트,371.9425583652147,374.61212363444304,366.54388609690864,370.2752990722656,30198000,30.020000457763672,36.15338484451289,375.4516906738281,382.2278198242187,0
2025-04-04,MSFT,마이크로소프트,361.363555677575,371.74407816646067,356.74888974568233,357.10614013671875,49209900,45.310001373291016,29.062662161360223,371.6885009765625,380.5670333862305,0
2025-04-07,MSFT,마이크로소프트,348.2142236601539,368.1813588125757,342.17049555544185,355.14117431640625,50425000,46.97999954223633,30.477739044989818,368.2091369628906,379.46050415039065,0
2025-04-08,MSFT,마이크로소프트,365.46216834014683,370.8112022714622,347.5889889390993,351.8662414550781,35868900,52.33000183105469,24.304676542027295,362.72511596679686,378.1758377075195,0
2025-04-09,MSFT,마이크로소프트,350.85399906862426,390.24245792204835,350.41733953240174,387.52325439453125,50199700,33.619998931884766,51.831019201998785,364.382421875,378.5340942382812,0
2025-04-10,MSFT,마이크로소프트,379.1573256201752,380.9833427250372,365.0056552003408,378.4527282714844,38024400,40.720001220703125,45.25337132238791,366.0179077148438,378.6621154785156,0
2025-04-11,MSFT,마이크로소프트,377.7481178718862,387.0865991344375,376.0114134245454,385.498779296875,23839200,37.560001373291016,47.88912401794209,371.696435546875,378.65665740966796,0
2025-04-14,MSFT,마이크로소프트,390.23254912743425,391.651677567929,381.29099206627785,384.8636474609375,19251200,30.889999389648438,46.604452008574995,377.64093017578125,378.6124969482422,0
2025-04-15,MSFT,마이크로소프트,385.5583162962043,388.9126416904877,381.24135923720473,382.7994384765625,17199900,30.1200008392334,47.983252988751175,383.82756958007815,378.72215576171874,0
2025-04-16,MSFT,마이크로소프트,377.7779079921512,378.71073856569086,365.2041538267982,368.7867126464844,21967800,32.63999938964844,42.004555005606925,380.08026123046875,377.9178131103516,0
2025-04-17,MSFT,마이크로소프트,370.9104537724408,371.4761304955969,364.10258680355696,364.9858093261719,21120200,29.649999618530273,45.021682547938326,377.3868774414062,376.9720520019531,0
2025-04-21,MSFT,마이크로소프트,360.0635031391147,361.71089501866106,352.9678309109542,356.3916015625,20807300,33.81999969482422,42.98283285140612,371.56544189453126,375.3772598266602,0
2025-04-22,MSFT,마이크로소프트,360.6192443688487,364.9758758256959,357.12596800122816,364.0331115722656,19485000,30.56999969482422,43.422062539482,367.3993347167969,374.074235534668,0
2025-04-23,MSFT,마이크로소프트,373.20291916052497,377.50003937654276,370.18600677791767,371.5456237792969,20545500,28.450000762939453,46.88380372249084,365.14857177734376,373.0436264038086,0
2025-04-24,MSFT,마이크로소프트,372.84566753938213,385.49880064204365,372.33953252384407,384.3575134277344,22232300,26.469999313354492,55.533037116335194,368.2627319335937,372.91114044189453,0
2025-04-25,MSFT,마이크로소프트,384.05979677325973,389.1805976978566,381.67803664886475,388.8729553222656,18973200,24.84000015258789,63.3921897430263,373.0401611328125,372.97415924072266,0
2025-04-28,MSFT,마이크로소프트,388.982142444383,389.75621531633243,383.7025832518253,388.188232421875,16579400,25.149999618530273,64.08394027676621,379.3994873046875,373.58746643066405,0
2025-04-29,MSFT,마이크로소프트,388.3270916828822,392.0982394081848,387.41409832984397,391.0462951660156,14974000,24.170000076293945,66.75723228410178,384.8021240234375,374.51288146972655,0
2025-04-30,MSFT,마이크로소프트,387.3347110069874,393.6464071015826,381.5192464831796,392.2570495605469,36461100,24.700000762939453,52.87040549517858,388.9444091796875,375.1614166259766,0
2025-05-01,MSFT,마이크로소프트,427.8346397458207,433.669971462135,421.67182852064957,422.16802978515625,58938100,24.600000381469727,71.15957464094265,396.5065124511719,377.30798187255857,0
2025-05-02,MSFT,마이크로소프트,428.4598783453456,436.1013902925972,426.7231738378541,431.9729919433594,30757400,22.68000030517578,71.90980715671614,405.12651977539065,380.39286651611326,0
2025-05-05,MSFT,마이크로소프트,429.581254830481,436.1608880903925,428.8270192574835,432.856201171875,20136100,23.639999389648438,72.57281455849078,414.06011352539065,384.1803695678711,0
2025-05-06,MSFT,마이크로소프트,428.91639204817295,434.4043769104007,427.8942186382879,430.0179443359375,15104200,24.760000228881836,72.04820904684847,421.854443359375,387.92420806884763,0
2025-05-07,MSFT,마이크로소프트,430.54391525930873,434.79139692835327,427.83464541633373,430.0576477050781,23295300,23.549999237060547,82.9034649717103,429.41456298828126,391.83377838134766,0
2025-05-08,MSFT,마이크로소프트,434.60283673184324,440.29924790125443,432.3500938706748,434.8410339355469,23491300,22.479999542236328,87.12165047964275,431.94916381835935,394.1996673583984,0
2025-05-09,MSFT,마이크로소프트,436.6570993033328,437.3914674607305,432.5684058555715,435.3967590332031,15324200,21.899999618530273,95.90594537122973,432.6339172363281,397.0468688964844,0
2025-05-12,MSFT,마이크로소프트,442.551987565255,445.9559209816134,436.43878433354007,445.8467712402344,22821900,18.389999389648438,96.03534229563506,435.23203125,400.0642684936523,0
2025-05-13,MSFT,마이크로소프트,444.37803887168343,447.24609694771215,441.9764112331301,445.72772216796875,23618800,18.219999313354492,95.52939651610443,438.3739868164063,403.1074722290039,0
2025-05-14,MSFT,마이크로소프트,444.73528972695,450.45150777480933,444.73528972695,449.4988098144531,19902800,18.6200008392334,94.97133447439232,442.26221923828126,406.44244079589845,0
2025-05-15,MSFT,마이크로소프트,448.1665235651595,453.5552331837817,447.8284909088357,450.5129089355469,21992300,17.829999923706055,94.71587804659903,445.39659423828124,410.52875061035155,0
2025-05-16,MSFT,마이크로소프트,449.4391826540583,451.735838870633,446.13838030321216,451.6463623046875,23849800,17.239999771118164,95.73707794190231,448.6465148925781,414.86177825927734,0
2025-05-19,MSFT,마이크로소프트,448.27591363294266,456.9355998797858,448.1963586877965,456.2197570800781,21336500,18.139999389648438,95.83994086066281,450.7211120605469,419.8531860351562,0
2025-05-20,MSFT,마이크로소프트,452.9587181303489,455.69283539558984,451.69606398891386,455.5238342285156,15441800,18.09000015258789,94.82349308813151,452.6803344726562,424.42772216796874,0
2025-05-21,MSFT,마이크로소프트,451.944595050179,455.1360468945702,449.2005259832327,449.9561462402344,19216900,20.8700008392334,80.05423592760533,452.7718017578125,428.34824829101564,0
2025-05-22,MSFT,마이크로소프트,452.32244757902833,457.5918252828005,451.27849365115543,452.2329406738281,18025600,20.280000686645508,76.17443895976912,453.1158081054688,431.7420196533203,0
2025-05-23,MSFT,마이크로소프트,447.3811293692874,451.06969358680703,446.3173019248347,447.5799560546875,16883500,22.290000915527344,67.33366482049396,452.3025268554687,434.67736968994143,0
2025-05-27,MSFT,마이크로소프트,453.8435596609756,458.2877438900054,453.48562310372705,458.02923583984375,20974300,18.959999084472656,77.96510402131246,452.6644226074219,438.16941986083987,0
2025-05-28,MSFT,마이크로소프트,458.55619745791415,459.84867709346275,454.2909661144885,454.7184753417969,17086300,19.309999465942383,73.11072749861007,452.50335083007815,441.35302886962893,0
2025-05-29,MSFT,마이크로소프트,458.884303233251,459.05333474747385,452.68035209769624,456.0308837890625,13974800,19.18000030517578,71.23969520756414,453.7182983398437,444.5417205810547,0
2025-05-30,MSFT,마이크로소프트,457.0648535034259,459.0135248792732,452.90900269221845,457.7011413574219,34770500,18.56999969482422,71.868245370049,454.8119384765625,446.318376159668,0
2025-06-02,MSFT,마이크로소프트,454.49978904014216,459.44105553120437,454.2512329224997,459.3018798828125,16626500,18.360000610351562,65.9617711351,457.1563232421875,447.6848205566406,0
2025-06-03,MSFT,마이크로소프트,458.8047449110186,461.4593374660713,458.19825223653834,460.29608154296875,15743800,17.690000534057617,66.93086864617175,457.6096923828125,449.0568145751953,0
2025-06-04,MSFT,마이크로소프트,461.32011095722316,463.0003525817652,460.3457601448262,461.19085693359375,14162700,17.610000610351562,64.56163262079362,458.9041687011719,450.61546020507814,0
2025-06-05,MSFT,마이크로소프트,462.27455978783877,466.937474562979,461.34993839523827,464.9788513183594,20131700,18.479999542236328,66.85195929534763,460.6937622070312,452.3615203857422,0
2025-06-06,MSFT,마이크로소프트,467.3749354769993,470.60616471423765,466.0725039656027,467.66326904296875,15285600,16.770000457763672,68.00800962912233,462.6861877441406,454.0026321411133,0
2025-06-09,MSFT,마이크로소프트,466.98725027602023,470.69568816704816,465.9134708467471,470.0196228027344,16469900,17.15999984741211,66.32943280287853,464.829736328125,455.73377532958983,0
2025-06-10,MSFT,마이크로소프트,468.4686249933991,470.06931180763127,464.26304461137784,468.2001953125,15375900,16.950000762939453,64.61148167351783,466.4105590820312,456.8514465332031,0
2025-06-11,MSFT,마이크로소프트,467.30536072753216,472.72389606625393,466.9474544926898,469.8903503417969,16399200,17.260000228881836,75.23281884244959,468.15045776367185,458.05957794189453,0
2025-06-12,MSFT,마이크로소프트,472.276508194471,477.6453447348738,470.78517145354215,476.1042785644531,18950600,18.020000457763672,77.47768318197849,470.37554321289065,459.38985137939454,0
2025-06-13,MSFT,마이크로소프트,473.6584649544854,476.4124557062983,470.0295518485209,472.2168273925781,16814500,20.81999969482422,78.86762388961876,471.2862548828125,460.4750473022461,0
2025-06-16,MSFT,마이크로소프트,472.4653860858625,477.91374692205306,472.25660744971805,476.3727111816406,15626100,19.110000610351562,75.21179740264533,472.55687255859374,461.71136474609375,0
2025-06-17,MSFT,마이크로소프트,472.65428568792316,475.97499162724574,471.3419021646973,475.279052734375,15414100,21.600000381469727,80.09306696658683,473.97264404296874,462.6643295288086,0
2025-06-18,MSFT,마이크로소프트,475.2392860574369,478.2219594008936,471.71972301658775,477.4663391113281,17526500,20.139999389648438,80.59015205426117,475.487841796875,463.7614547729492,0
2025-06-20,MSFT,마이크로소프트,479.4448516392065,480.6677282539423,474.11579298541653,474.6427307128906,37576200,20.6200008392334,73.40652854022785,475.1955322265625,464.995783996582,0
2025-06-23,MSFT,마이크로소프트,475.44806772339973,484.932977511559,469.7810065395394,483.1930847167969,24864000,19.829999923706055,77.69063982258002,477.3907836914062,466.54379119873045,0
2025-06-24,MSFT,마이크로소프트,486.1260232932434,489.0092679302753,483.9884166007436,487.279296875,22305600,17.479999542236328,79.18271268204003,479.5721008300781,468.5287582397461,0
2025-06-25,MSFT,마이크로소프트,489.1982276680394,491.7036624656625,486.56353883181055,489.4268798828125,17495100,16.760000228881836,79.73194787032621,482.40166625976565,470.09864044189453,0
2025-06-26,MSFT,마이크로소프트,490.13278082199906,495.1635541172166,489.9637493151316,494.57696533203125,21578900,16.59000015258789,80.29712626335515,485.82379150390625,472.09156494140626,0
2025-06-27,MSFT,마이크로소프트,494.6763704185467,496.4162632322767,490.1824867596744,493.07568359375,34539200,16.31999969482422,76.65827907006525,489.5103820800781,473.9438049316406,0
2025-06-30,MSFT,마이크로소프트,494.1693427257206,497.86785899517616,492.4691970236715,494.5372009277344,28369000,16.729999542236328,76.21167393579675,491.7792053222656,475.7856079101563,0
2025-07-01,MSFT,마이크로소프트,493.602615314542,495.17347659984546,488.14433277768,489.2081298828125,19945400,16.829999923706055,70.89174464283113,492.16497192382815,477.2809204101562,0
2025-07-02,MSFT,마이크로소프트,487.1600396387865,490.6497772469701,485.87751191483574,488.2536926269531,16319600,16.639999389648438,68.5329714599693,491.9303344726562,478.67880096435545,0
2025-07-03,MSFT,마이크로소프트,490.95797554637323,497.2414813819725,490.59011735274714,495.95892333984375,13984800,16.3799991607666,69.45249902677257,492.20672607421875,480.41720428466795,0
2025-07-07,MSFT,마이크로소프트,494.50736527479916,495.8694479262707,492.36978876052433,494.84539794921875,13981600,17.790000915527344,73.44456564698443,492.5606689453125,481.91053161621096,0
2025-07-08,MSFT,마이크로소프트,494.36812324816447,495.3226005030518,491.2561960700141,493.751708984375,11846600,16.809999465942383,69.22560132015964,492.4035705566406,483.21495361328124,0
2025-07-09,MSFT,마이크로소프트,497.41047691930333,503.8530622357068,496.85371365827956,500.6019592285156,18659500,15.9399995803833,74.84872713987536,494.6823364257813,484.7440704345703,0
2025-07-10,MSFT,마이크로소프트,500.14458849842043,501.52657502305914,494.87521114411277,498.58367919921875,16492100,15.779999732971191,70.79087112942702,496.7483337402344,486.26324462890625,0
2025-07-11,MSFT,마이크로소프트,495.59106078877636,502.1131707269345,494.9249170598048,500.4130554199219,16459500,16.399999618530273,75.87855214802138,497.63916015625,487.7893798828125,0
2025-07-14,MSFT,마이크로소프트,498.6234399223271,501.05930198422453,498.1362796464767,500.1147766113281,12058800,17.200000762939453,70.36852823801155,498.6930358886719,488.9899047851562,0
2025-07-15,MSFT,마이크로소프트,500.11477392946824,505.36427783294863,499.88612172349406,502.89862060546875,14927200,17.3799991607666,69.40942063061068,500.5224182128906,490.5239944458008,0
2025-07-16,MSFT,마이크로소프트,502.2623068754336,503.793421043838,498.99133023831314,502.69976806640625,15154400,17.15999984741211,67.33308783910883,500.9419799804688,491.84034729003906,0
2025-07-17,MSFT,마이크로소프트,502.75940886082554,510.40499725185873,502.6997578215743,508.7446594238281,17503100,16.520000457763672,68.07909758531014,502.97417602539065,493.51362762451174,0
2025-07-18,MSFT,마이크로소프트,511.50859420333654,511.6677041033988,504.499323712682,507.10418701171875,21209700,16.40999984741211,67.83811178010919,504.31240234375,494.9955200195312,0
2025-07-21,MSFT,마이크로소프트,503.7834473494323,509.132409924825,502.630143381304,507.1141052246094,14066800,16.649999618530273,66.60531473220041,505.71226806640624,496.6190887451172,0
2025-07-22,MSFT,마이크로소프트,508.01886761548803,508.2475501614973,502.3517761230469,502.3517761230469,13868600,16.5,67.61723457222399,505.6028991699219,497.5770233154297,0
2025-07-23,MSFT,마이크로소프트,503.8232255681408,503.8630030405687,497.80817995491657,502.94830322265625,16396600,15.369999885559082,69.88689350742465,505.65260620117186,498.3604736328125,0
2025-07-24,MSFT,마이크로소프트,505.83155299665924,510.70324664183266,504.370041868975,507.92938232421875,16107000,15.390000343322754,67.48977138556259,505.48955078125,499.2855987548828,0
2025-07-25,MSFT,마이크로소프트,509.51018319793565,515.2965768746373,507.41238413754473,510.7430725097656,19125700,14.930000305175781,72.12836905040035,506.2173278808594,500.09390411376955,0
2025-07-28,MSFT,마이크로소프트,511.1109000989904,512.0255695622142,507.1737496018482,509.5400085449219,14308000,15.029999732971191,71.90941669017049,506.7025085449219,500.9171203613281,0
2025-07-29,MSFT,마이크로소프트,512.5525452747698,514.6304403339567,508.6054427654301,509.609619140625,16469200,15.979999542236328,65.39759679739919,508.1540771484375,501.67074127197264,0
2025-07-30,MSFT,마이크로소프트,512.1945721471376,512.9700963143614,506.4976856980785,510.2757263183594,26380400,15.479999542236328,70.95496098616985,509.61956176757815,502.72412109375,0
2025-07-31,MSFT,마이크로소프트,552.0231773044421,552.2419382207228,528.8279664536001,530.418701171875,51617300,16.719999313354492,82.4654633970453,514.1174255371094,504.8323715209961,0
2025-08-01,MSFT,마이크로소프트,531.9100652869249,532.7054326872741,517.8517174087783,521.0829467773438,28977600,20.3799991607666,68.9760235704426,516.185400390625,506.0885726928711,0
2025-08-04,MSFT,마이크로소프트,525.2190177406763,535.1413592423181,525.0798117410876,532.5464477539062,25349000,17.520000457763672,73.18817195574985,520.7866882324219,507.97362518310547,0
2025-08-05,MSFT,마이크로소프트,534.0774948252555,534.196796907337,524.1949011418618,524.7019653320312,19171600,17.850000381469727,65.37015797215767,523.8051574707031,509.5211380004883,0
2025-08-06,MSFT,마이크로소프트,527.8338028961505,528.6291703469228,521.0034855448089,521.908203125,21355700,16.770000457763672,59.6332795400428,526.1316528320312,510.5864501953125,0
2025-08-07,MSFT,마이크로소프트,523.757448292983,525.0400367197672,514.5608717763297,517.8319091796875,16079100,16.56999969482422,57.580454698757976,523.6142944335937,511.5488616943359,0
2025-08-08,MSFT,마이크로소프트,519.5816656001966,521.6297655095517,516.4100872243725,519.02490234375,15531000,15.149999618530273,58.27803585389163,523.202685546875,512.4794540405273,0
2025-08-11,MSFT,마이크로소프트,519.2833770884752,524.542862850504,516.7182612189127,518.7564697265625,20194400,16.25,62.16094419144445,520.4446899414063,513.4115386962891,0
2025-08-12,MSFT,마이크로소프트,520.7250669698358,527.9132904806338,519.6811434112465,526.183349609375,18667000,14.729999542236328,65.6404660385002,520.740966796875,514.5757751464844,0
2025-08-13,MSFT,마이크로소프트,529.0368026236954,529.6234217995657,516.3703917601634,517.5734252929688,19619200,14.489999771118164,56.189421169569016,519.8740112304688,515.3194580078125,0
2025-08-14,MSFT,마이크로소프트,519.5419572956574,522.9123929469488,517.13595097363,519.46240234375,20269100,14.829999923706055,55.66317063028156,520.2001098632812,515.8553451538086,0
2025-08-15,MSFT,마이크로소프트,519.7507304052322,523.0614541020369,516.0820397908819,517.1657104492188,25213300,15.09000015258789,54.88348804549081,519.828271484375,516.3584213256836,0
2025-08-18,MSFT,마이크로소프트,518.5775217659684,519.8003983365775,511.0512359172718,514.1134033203125,23760600,14.989999771118164,52.77808733261449,518.899658203125,516.7083862304687,0
2025-08-19,MSFT,마이크로소프트,512.0256106523992,512.1846598699071,505.61285057663105,506.8258056640625,21481000,15.569999694824219,48.03267670616964,515.0281494140625,516.9320877075195,0
2025-08-20,MSFT,마이크로소프트,506.92525053820776,508.0487290990465,501.526618683124,502.7992248535156,27723000,15.6899995803833,30.703001899774634,512.0733093261719,516.9246337890625,0
2025-08-21,MSFT,마이크로소프트,501.6041452591809,505.5278315490841,500.6381609615915,502.15185546875,18443300,16.600000381469727,34.94564420763048,508.6111999511719,516.6357574462891,0
2025-08-22,MSFT,마이크로소프트,502.1618461633245,508.6150227226763,500.32946944945456,505.1295166015625,24324200,14.220000267028809,24.795960162715673,506.20396118164064,516.3550796508789,0
2025-08-25,MSFT,마이크로소프트,504.5319946732823,506.0855321115255,502.0323791323648,502.17181396484375,21638600,14.789999961853027,27.243730426848813,503.8156433105469,515.986669921875,0
2025-08-26,MSFT,마이크로소프트,502.2713680297872,502.88882606141556,496.4456179190968,499.96099853515625,30835700,14.619999885559082,27.568374154251543,502.44268188476565,515.5042388916015,0
2025-08-27,MSFT,마이크로소프트,499.92117896114246,505.18928116929357,497.82986914621193,504.64154052734375,17277900,14.850000381469727,36.68297985356338,502.81114501953124,515.2225296020508,0
2025-08-28,MSFT,마이크로소프트,504.99008260275673,508.9735181763212,503.406670609209,507.529541015625,18015600,14.430000305175781,38.778331228103625,503.8866821289063,514.0780715942383,0
2025-08-29,MSFT,마이크로소프트,506.5535790393771,507.4896888132377,502.40083415821226,504.59173583984375,20961600,15.359999656677246,36.85745513441272,503.7791259765625,513.2535110473633,0
2025-09-02,MSFT,마이크로소프트,498.3974910813857,503.90458943006223,494.75264396148896,503.0282287597656,18128000,17.170000076293945,25.892880404702552,503.9504089355469,511.77760009765626,0
2025-09-03,MSFT,마이크로소프트,501.70375627159575,505.68719181229375,500.2398424947412,503.2572937011719,16345100,16.350000381469727,31.944421992571634,504.60966796875,510.70536651611326,0
2025-09-04,MSFT,마이크로소프트,502.2116394820944,506.04570238922344,501.0664078062513,505.866455078125,15509500,15.300000190734863,33.15866192274136,504.8546508789062,509.90327911376954,0
2025-09-05,MSFT,마이크로소프트,506.9619070760115,509.8498918622262,490.3310509759443,492.9501647949219,31994800,15.180000305175781,26.252007443778112,501.93877563476565,508.65919189453126,0
2025-09-08,MSFT,마이크로소프트,496.04724781279185,499.1244784694731,492.9800158612091,496.13690185546875,16771000,15.109999656677246,32.41694934277059,500.2478088378906,507.51479187011716,0
2025-09-09,MSFT,마이크로소프트,499.3534910580183,500.17010260105087,495.6389570336189,496.34600830078125,14410500,15.039999961853027,38.10204876399231,498.91136474609374,506.39426879882814,0
2025-09-10,MSFT,마이크로소프트,500.8971201283455,501.1460848531792,494.6630336933239,498.29791259765625,21611800,15.350000381469727,44.63691095611981,497.91948852539065,504.9999969482422,0
2025-09-11,MSFT,마이크로소프트,500.17012751524385,501.08633106619584,495.8182290284252,498.9352722167969,18881600,14.710000038146973,46.166687154450486,496.533251953125,504.0680892944336,0
2025-09-12,MSFT,마이크로소프트,504.55191069082485,510.42747218178897,501.7635178992086,507.7884521484375,23624900,14.760000228881836,52.779500450447,499.50090942382815,503.484391784668,0
2025-09-15,MSFT,마이크로소프트,506.68306017742736,513.3353599697668,504.9004642300766,513.225830078125,17143800,15.6899995803833,60.98571745726337,502.9186950683594,503.28739776611326,0
2025-09-16,MSFT,마이크로소프트,514.7395367165727,515.0880630075219,506.4938265025834,506.9320068359375,19711900,16.360000610351562,56.407900007742455,505.0358947753906,502.9283279418945,0
2025-09-17,MSFT,마이크로소프트,508.5054498653079,509.1726886784055,503.8348693472275,507.9079284667969,15816600,15.720000267028809,53.22197370837184,506.95789794921876,502.98243408203126,0
2025-09-18,MSFT,마이크로소프트,509.37184097126715,510.9453149965379,505.55771489166153,506.3444519042969,18913700,15.699999809265137,48.79965973925295,508.4397338867187,503.1596954345703,0
2025-09-19,MSFT,마이크로소프트,508.44574170609144,517.1495391803752,508.19677696926453,515.7852172851562,52474100,15.449999809265137,60.017851368240734,510.0390869140625,503.84136352539065,0
2025-09-22,MSFT,마이크로소프트,513.4549348866175,515.5959951267806,510.41751650985566,512.3196411132812,20009300,16.100000381469727,58.041763360677955,509.85784912109375,504.20086975097655,0
2025-09-23,MSFT,마이크로소프트,511.67229848312854,512.4590659268906,505.2091838485409,507.1212463378906,19799600,16.639999389648438,53.07938286846117,509.89569702148435,504.4483413696289,0
2025-09-24,MSFT,마이크로소프트,508.26644250853604,510.35772177145367,504.82077941210207,508.0373840332031,13533700,16.18000030517578,51.77810760779201,509.9215881347656,504.85216064453124,0
2025-09-25,MSFT,마이크로소프트,506.1950582100621,507.89799878212006,502.94857891661616,504.9303283691406,15786500,16.739999771118164,61.69097185823335,509.6387634277344,504.8666000366211,0
2025-09-26,MSFT,마이크로소프트,507.9477531769938,511.8116903059077,504.52199636524745,509.3419494628906,16213100,15.289999961853027,62.58541707265287,508.35010986328126,504.95722045898435,0
2025-09-29,MSFT,마이크로소프트,509.3817950243417,514.7096154882738,506.77264973451184,512.4689331054688,17617800,16.1200008392334,64.55674229808264,508.3799682617188,505.3510803222656,0
2025-09-30,MSFT,마이크로소프트,511.11459757878936,516.0142062084105,507.54943619028296,515.8051147460938,19728200,16.280000686645508,65.42108279508268,510.1167419433594,505.989924621582,0
2025-10-01,MSFT,마이크로소프트,512.6680995330014,518.3544751787417,509.5709932440202,517.5578002929688,22632300,16.290000915527344,66.08741501171843,512.0208251953125,506.7049499511719,0
2025-10-02,MSFT,마이크로소프트,515.4963429681408,519.4399047558908,508.56514411884206,513.6041870117188,21222900,16.6299991607666,55.48865346110334,513.7555969238281,507.0918365478516,0
2025-10-03,MSFT,마이크로소프트,514.9585548343116,518.3345307125708,512.8672756929882,515.20751953125,15112300,16.649999618530273,52.01614255322584,514.9287109375,508.20470428466797,0
2025-10-06,MSFT,마이크로소프트,516.4623876768178,528.8309994124726,516.0541122577388,526.3811645507812,21388600,16.3700008392334,68.00001581649254,517.7111572265625,509.71691741943357,0
2025-10-07,MSFT,마이크로소프트,526.1022689962125,527.6060256392368,519.2806599401652,521.8101196289062,14615200,17.239999771118164,62.06357789725064,518.912158203125,510.99012298583983,0
2025-10-08,MSFT,마이크로소프트,521.1130687043808,524.7678538085896,520.923853084141,522.676513671875,13363400,16.299999237060547,64.34564059729786,519.9359008789063,512.2090530395508,0
2025-10-09,MSFT,마이크로소프트,520.1769452354545,522.158694647609,515.2574000210162,520.2366943359375,18343600,16.43000030517578,54.45838885968237,521.26240234375,513.2741241455078,0
2025-10-10,MSFT,마이크로소프트,517.4881335274953,521.4118200258811,507.5195762105422,508.84405517578125,24133800,21.65999984741211,46.99601290136072,519.9897094726563,513.326904296875,0
2025-10-13,MSFT,마이크로소프트,514.2714771071726,514.2714771071726,509.56108387533754,511.9212646484375,14284200,19.030000686645508,54.306620586855,517.0977294921875,513.2616760253907,0
2025-10-14,MSFT,마이크로소프트,508.1170420708167,513.146147202046,503.9045484424133,511.4432067871094,14684300,20.809999465942383,53.0799469243031,515.0243469238281,513.4872360229492,0
2025-10-15,MSFT,마이크로소프트,512.8275263160849,515.0482722356254,507.88804423946306,511.3038330078125,14694700,20.639999389648438,56.09058464036601,512.7498107910156,513.65703125,0
2025-10-16,MSFT,마이크로소프트,510.4573477017149,514.7096236704256,506.02576365101777,509.4913330078125,15559600,25.309999465942383,50.150214289352924,510.6007385253906,513.8143753051758,0
2025-10-17,MSFT,마이크로소프트,506.9320087638593,513.3453119402852,505.20916197429216,511.4532165527344,19867800,20.780000686645508,48.95412846343016,511.12257080078126,513.5977752685546,0
2025-10-20,MSFT,마이크로소프트,512.4788764440519,516.5519656323323,511.30377036778043,514.6498413085938,14665600,18.229999542236328,48.80699967477379,511.6682861328125,513.7142852783203,0
2025-10-21,MSFT,마이크로소프트,515.3569857054445,516.5420602391357,510.91543308707116,515.5162963867188,15586200,17.8700008392334,47.852522041054264,512.4829040527344,514.1340377807617,0
2025-10-22,MSFT,마이크로소프트,518.9918584655633,523.0549187669818,515.566101626736,518.3843383789062,18962700,18.600000381469727,55.14581044641966,513.8990051269532,514.6513854980469,0
2025-10-23,MSFT,마이크로소프트,520.2964530626382,521.7802730707533,516.4623598997719,518.404296875,14023500,17.299999237060547,53.56277022118344,515.6815979003907,515.3250839233399,0
2025-10-24,MSFT,마이크로소프트,520.6250388201142,523.1744351060786,518.5536961256696,521.441650390625,15532400,16.3700008392334,43.275429129808344,517.6792846679688,515.9300689697266,0
2025-10-27,MSFT,마이크로소프트,529.577902779321,532.3662956890146,526.819354031342,529.3189697265625,18734700,15.789999961853027,59.37817783205344,520.6131103515625,516.7725708007813,0
2025-10-28,MSFT,마이크로소프트,547.722348424072,551.4269140414981,538.5305910090683,539.8251953125,29986700,16.420000076293945,67.26141180807275,525.4748901367187,517.9735748291016,0
2025-10-29,MSFT,마이크로소프트,542.6832878753321,544.0077970763692,534.5072653816836,539.3073120117188,36023000,16.920000076293945,69.9685950603366,529.6594848632812,519.0610504150391,0
2025-10-30,MSFT,마이크로소프트,528.2831883129468,532.7545848667123,519.9578228356851,523.582763671875,41023100,16.90999984741211,64.14913252122554,530.6951782226563,519.5599792480468,0
2025-10-31,MSFT,마이크로소프트,526.6898137654194,527.1279940743384,512.9668501497666,515.6656494140625,34006400,17.440000534057617,53.28897142710094,529.5399780273438,519.5828857421875,0
2025-11-03,MSFT,마이크로소프트,517.657371934483,522.7860691817526,512.4590180581705,514.888916015625,22374700,17.170000076293945,53.010824772232866,526.6539672851562,519.0082733154297,0
2025-11-04,MSFT,마이크로소프트,509.6407695643784,513.4150529816625,505.73698923396887,512.2001342773438,20958700,19.0,50.749774072164165,521.128955078125,518.5277740478516,0
2025-11-05,MSFT,마이크로소프트,511.17434154282535,512.6980347767452,504.4821687767013,505.0597839355469,23024300,18.010000228881836,46.59631450426197,514.2794494628906,517.6469375610352,0
2025-11-06,MSFT,마이크로소프트,503.5659922381216,503.6058351018555,493.75677643867937,495.04144287109375,27406500,19.5,38.78298841924655,508.57118530273436,516.387174987793,0
2025-11-07,MSFT,마이크로소프트,494.89207027354036,497.31199999791255,491.2073803526309,494.7626037597656,24019800,19.079999923706055,35.8429532703296,504.390576171875,515.6831024169921,0
2025-11-10,MSFT,마이크로소프트,497.96929153220975,504.7510881917551,496.73440583349895,503.90460205078125,26101500,17.600000381469727,42.60528699086184,502.19371337890624,515.2822692871093,0
2025-11-11,MSFT,마이크로소프트,502.70954902224156,507.48968986721945,500.26971300797675,506.573486328125,17980000,17.280000686645508,42.45932903229829,501.0683837890625,515.0387832641602,0
2025-11-12,MSFT,마이크로소프트,507.2506574723947,509.5511194130969,497.05307240824305,509.0233154296875,26574900,17.510000228881836,44.19092563154191,501.8610900878906,514.9247573852539,0
2025-11-13,MSFT,마이크로소프트,508.1967287528611,511.3735209246628,499.2140928412288,501.205810546875,25273100,20.0,38.16954520703582,503.0939636230469,514.510481262207,0
2025-11-14,MSFT,마이크로소프트,496.16679552350377,509.48142428367663,495.3800584752997,508.0672912597656,28505700,19.829999923706055,37.426309279839664,505.75490112304686,514.3411849975586,0
2025-11-17,MSFT,마이크로소프트,506.34447416817187,509.9992593431845,502.8191251226507,505.388427734375,19092800,22.3799991607666,27.545481173945987,506.0516662597656,513.8781143188477,0
2025-11-18,MSFT,마이크로소프트,493.31862192366924,500.89712400975867,484.76419755903834,491.74517822265625,33815100,24.690000534057617,23.519665078599147,503.08600463867185,512.6895584106445,0
2025-11-19,MSFT,마이크로소프트,488.070453670226,493.13937183157236,480.8305400064438,485.102783203125,23245300,23.65999984741211,26.16582034616978,498.30189819335936,511.02548065185545,0
2025-11-20,MSFT,마이크로소프트,491.5879641710541,492.4460215630244,474.41716428973194,477.3404846191406,26802500,26.420000076293945,26.216098387070502,493.5288330078125,508.9722900390625,0
2025-11-21,MSFT,마이크로소프트,477.4103368698009,477.8293938228302,467.20362215472323,471.04486083984375,31769200,23.43000030517578,24.535457254410403,486.1243469238281,506.45245056152345,0
2025-11-24,MSFT,마이크로소프트,473.9183160323131,475.8139832068258,466.9542001322548,472.92059326171875,34421000,20.520000457763672,26.969005519800277,479.6307800292969,503.6325317382813,0
2025-11-25,MSFT,마이크로소프트,472.9904142849383,478.0588322743821,463.8313270788984,475.90374755859375,28019800,18.559999465942383,32.02867030763923,476.4624938964844,500.43645935058595,0
2025-11-26,MSFT,마이크로소프트,485.2025316262965,487.1979770584782,480.10418316215106,484.3943786621094,25709100,17.190000534057617,43.311346035940666,476.32081298828126,497.6908126831055,0
2025-11-28,MSFT,마이크로소프트,486.48962635446395,491.5081706450152,485.54177754838196,490.88958740234375,14386700,16.350000381469727,47.74317774998142,479.0306335449219,496.05615386962893,0
2025-12-01,MSFT,마이크로소프트,487.32770213243884,488.7444513856018,483.5463243869077,485.6315612792969,23964000,17.239999771118164,38.847413379803456,481.9479736328125,494.5544494628906,0
2025-12-02,MSFT,마이크로소프트,485.6116258193264,492.3761849539621,485.2125428025972,488.8841552734375,19562700,16.59000015258789,39.280049830298836,485.14068603515625,493.25421142578125,0
2025-12-03,MSFT,마이크로소프트,475.23529714339696,483.13724409881166,474.1178525596479,476.64208984375,34615100,16.079999923706055,32.45848498635122,485.2883544921875,491.47630920410154,0
2025-12-04,MSFT,마이크로소프트,478.6674679630734,480.2239129901724,475.40489514051177,479.7449951171875,22318200,15.779999732971191,37.748470361956265,484.3584777832031,490.21056976318357,0
2025-12-05,MSFT,마이크로소프트,481.4211657314621,482.299166614698,477.78947078944657,482.0597229003906,22608700,15.40999984741211,34.33986090264803,482.5925048828125,489.5614837646484,0
2025-12-08,MSFT,마이크로소프트,483.7858099301447,491.17890888246444,483.2769615726175,489.9018249511719,21965900,16.65999984741211,41.22081780219165,483.4465576171875,489.3184448242188,0
2025-12-09,MSFT,마이크로소프트,487.9862027558801,490.99931449735556,487.3875630167038,490.8995361328125,14696100,16.93000030517578,49.44038109825058,483.8496337890625,488.66819152832034,0
2025-12-10,MSFT,마이크로소프트,482.92772884397027,483.14722906115725,473.99809828560024,477.4701843261719,35756200,15.770000457763672,45.36531381998356,484.0152526855469,487.21302642822263,0
2025-12-11,MSFT,마이크로소프트,475.5445986070271,484.92318635563356,474.7763326037194,482.3690185546875,24669200,14.850000381469727,53.163448789854854,484.54005737304686,485.8803115844727,0
2025-12-12,MSFT,마이크로소프트,478.72734800157895,481.3513637649093,475.2552617920193,477.4402770996094,21248100,15.739999771118164,54.093758827176636,483.6161682128906,484.69203491210936,0
2025-12-15,MSFT,마이크로소프트,479.0066832317436,479.6252664455081,471.44392797474177,473.73870849609375,23727700,16.5,50.51172102270906,480.383544921875,482.9756057739258,0
2025-12-16,MSFT,마이크로소프트,470.8353364785088,476.80172935648005,469.8076832860371,475.3051452636719,20705600,16.479999542236328,49.61882615946611,477.26466674804686,481.4714416503906,0
2025-12-17,MSFT,마이크로소프트,475.8239455574328,478.9069051052783,473.9182915104317,475.0357360839844,24527200,17.6200008392334,43.343751899217736,476.77777709960935,480.635969543457,0
2025-12-18,MSFT,마이크로소프트,477.10104539067044,488.4850656489584,476.8017407441929,482.87786865234375,28573500,16.8700008392334,44.40886376376018,476.8795471191406,480.524723815918,0
2025-12-19,MSFT,마이크로소프트,486.2501387748106,486.73904362092316,481.39123391446003,484.8134460449219,70836100,14.90999984741211,49.40129870477916,478.35418090820315,480.898371887207,0
2025-12-22,MSFT,마이크로소프트,485.01298390813173,487.6170561484318,481.5908021440126,483.81573486328125,16963000,14.079999923706055,46.16431358021727,480.3695861816406,481.5369155883789,0
2025-12-23,MSFT,마이크로소프트,483.8755963136496,486.71908182827985,483.63612214595605,485.7413330078125,14683600,14.0,58.16034523905965,482.4568237304687,482.1779525756836,0
2025-12-24,MSFT,마이크로소프트,484.5739628623746,488.04604888584674,483.7258924615979,486.90863037109375,5855900,13.470000267028809,56.65552582901328,484.83140258789064,482.7281967163086,0
2025-12-26,MSFT,마이크로소프트,485.601642461088,487.00843522519267,484.85335038112265,486.599365234375,8842200,13.600000381469727,54.38090150179618,485.57570190429686,482.83844604492185,0
2025-12-29,MSFT,마이크로소프트,483.7558335295542,487.23790659993216,483.0773893732932,485.9907531738281,10893400,14.199999809265137,45.61325081807851,485.8111633300781,482.59350433349607,0
2025-12-30,MSFT,마이크로소프트,484.82341501264875,488.56487537463653,484.39440153201394,486.3699035644531,13944500,14.329999923706055,44.847969865412075,486.3219970703125,482.6304214477539,0
2025-12-31,MSFT,마이크로소프트,486.7290680267604,487.0284031238816,482.1993981667827,482.5186767578125,15601600,14.949999809265137,57.341860351584174,485.6774658203125,482.31214752197263,0
2026-01-02,MSFT,마이크로소프트,483.2869444224563,483.5563186075122,469.0893385249197,471.8630065917969,25571600,14.510000228881836,36.91276596553521,482.6683410644531,482.073193359375,0
2026-01-05,MSFT,마이크로소프트,472.98042932285466,474.9858617296903,468.4308161640092,471.773193359375,25250300,14.899999618530273,41.97284845676425,479.70310668945314,481.6746032714844,0
2026-01-06,MSFT,마이크로소프트,472.72102257015473,477.64977534720424,468.68025764779384,477.4203186035156,23037700,14.75,54.94241854405565,477.9890197753906,481.4426330566406,0
2026-01-07,MSFT,마이크로소프트,478.6674756822987,488.5848422406915,476.86159994291296,482.3690185546875,25564200,15.380000114440918,58.693508103134214,477.1888427734375,481.0659927368164,0
2026-01-08,MSFT,마이크로소프트,480.14408679814625,481.5608665012806,474.7763335277468,477.0212097167969,18162600,15.449999809265137,52.1720202659573,476.0893493652344,480.3720764160156,0
2026-01-09,MSFT,마이크로소프트,472.9804540365218,478.72734693664125,471.1247042989064,478.1885681152344,18491000,14.489999771118164,43.992837958818264,477.3544616699219,480.4079956054687,0
2026-01-12,MSFT,마이크로소프트,475.5845048686955,479.89464390147504,474.59673866594744,476.09332275390625,23519900,15.119999885559082,38.87472093456066,478.21848754882814,480.0942108154297,0
2026-01-13,MSFT,마이크로소프트,473.5990225282599,474.6965236309785,464.888922501957,469.5981750488281,28545800,15.979999542236328,34.09242544578194,476.6540588378906,479.7021057128906,0
2026-01-14,MSFT,마이크로소프트,465.39775666549855,467.13381499707015,456.1289340170423,458.3338928222656,28184300,16.75,24.63528336535154,471.84703369140624,478.9318649291992,0
2026-01-15,MSFT,마이크로소프트,463.0630900555096,463.1927988881192,454.8618076165624,455.6200866699219,23225800,15.84000015258789,21.849257258145556,467.5668090820312,477.9476119995117,0
2026-01-16,MSFT,마이크로소프트,456.78739866953146,462.13520850615447,455.4404972994736,458.8127746582031,34246700,15.859999656677246,26.233159158384694,463.691650390625,477.13646392822267,0
2026-01-20,MSFT,마이크로소프트,450.1924514863621,455.7597309230742,448.2568669541529,453.48492431640625,26130000,20.09000015258789,24.273541927215803,459.169970703125,475.6668167114258,0
2026-01-21,MSFT,마이크로소프트,451.56931960591265,451.65911099901973,437.68100562513575,443.0986328125,37980500,16.899999618530273,20.4362607957012,453.87006225585935,473.58107604980466,0
2026-01-22,MSFT,마이크로소프트,446.600636936346,451.8087507279656,443.6873036586902,450.1126403808594,25349400,15.640000343322754,28.776803284487855,452.22581176757814,471.8959213256836,0
2026-01-23,MSFT,마이크로소프트,450.8409629929935,470.0271819611143,449.50401819491054,464.888916015625,38000200,16.09000015258789,45.66645794799074,454.07957763671874,470.8533004760742,0
2026-01-26,MSFT,마이크로소프트,464.25036221183507,473.1700058760031,460.94790240319116,469.20904541015625,29291200,16.149999618530273,48.48627664626558,456.15883178710936,469.9683212280273,0
2026-01-27,MSFT,마이크로소프트,472.62128861771004,481.7703893732875,472.0825097961169,479.485595703125,29213900,16.350000381469727,51.15603174402528,461.3589660644531,469.61263275146484,0
2026-01-28,MSFT,마이크로소프트,482.10959164059926,482.63838346935967,476.9114647448887,480.533203125,36875400,16.350000381469727,48.92548177913181,468.84588012695315,469.3397552490234,0
2026-01-29,MSFT,마이크로소프트,438.98802836564175,441.49232224197124,420.06122635013605,432.5128173828125,128855300,16.8799991607666,32.6271595279384,465.32591552734374,466.6469009399414,0
2026-01-30,MSFT,마이크로소프트,438.1699022937122,438.5989157576861,425.47886802078926,429.31011962890625,58566800,17.440000534057617,31.219805276350982,458.21015625,463.9864730834961,0
2026-02-02,MSFT,마이크로소프트,429.2602343395754,429.7590957240154,421.28843915961005,422.4058837890625,42219900,16.34000015258789,30.107210267001193,448.8495239257812,461.51361694335935,0
2026-02-03,MSFT,마이크로소프트,421.0489834358989,421.0888704228976,407.6296003977664,410.2735595703125,61424100,18.0,28.899921133130007,435.0071166992187,458.4386352539062,0
2026-02-04,MSFT,마이크로소프트,410.0640575889883,418.84400576689177,408.3080557741746,413.2467956542969,45012400,18.639999389648438,32.95874611517536,421.5498352050781,455.22995910644534,0
2026-02-05,MSFT,마이크로소프트,406.51216038211834,407.37018733348754,391.4265972483441,392.7735290527344,66289200,21.770000457763672,29.057785638422715,413.6019775390625,450.7501846313477,0
2026-02-06,MSFT,마이크로소프트,398.2609865133262,400.87501513504304,392.0252195920243,400.22650146484375,53515300,20.3700008392334,31.016429015423938,407.78525390625,446.91044921875,0
2026-02-09,MSFT,마이크로소프트,403.9280678877113,413.94521298339265,399.9571203178888,412.65814208984375,45480500,17.360000610351562,37.35320853916406,405.83570556640626,443.6339279174805,0
2026-02-10,MSFT,마이크로소프트,418.66440278178237,422.7151545880433,411.76017861216997,412.328857421875,44857900,17.790000915527344,39.83520405323991,406.24676513671875,440.4457046508789,0
2026-02-11,MSFT,마이크로소프트,415.2322299614449,415.51159110220135,400.096793508188,403.4491271972656,42491000,17.649999618530273,34.77241529309319,404.2872314453125,437.1382522583008,0
2026-02-12,MSFT,마이크로소프트,404.07770370563327,405.2749831551046,397.1036315998776,400.9248962402344,40802400,20.81999969482422,27.31262159714707,405.9175048828125,434.2678024291992,0
2026-02-13,MSFT,마이크로소프트,403.528974460687,404.61648859375555,397.1435245648219,400.4060974121094,34091600,20.600000381469727,24.91999999110061,405.95342407226565,431.5071029663086,0
2026-02-17,MSFT,마이크로소프트,398.31087932693146,399.60790672873594,393.6315571718042,395.95623779296875,32078800,20.290000915527344,18.20116279772236,402.6130432128906,428.36427612304686,0
2026-02-18,MSFT,마이크로소프트,397.2233488345012,401.6432531481791,395.41747315874426,398.69000244140625,23223400,19.6200008392334,19.23799211288801,399.88527221679686,425.62453002929686,0
2026-02-19,MSFT,마이크로소프트,400.69000244140625,404.42999267578125,396.6700134277344,398.4599914550781,28234000,20.229999542236328,30.02440015538764,398.8874450683594,423.3925979614258,0
2026-02-20,MSFT,마이크로소프트,396.1099853515625,400.1199951171875,395.1600036621094,397.2300109863281,34015200,19.09000015258789,30.73575350584396,398.1484680175781,420.7484664916992,0
2026-02-23,MSFT,마이크로소프트,395.0,395.3599853515625,383.1000061035156,384.4700012207031,43238300,21.010000228881836,28.716190880590915,394.96124877929685,416.72752075195314,0
2026-02-24,MSFT,마이크로소프트,384.1400146484375,389.3599853515625,381.7099914550781,389.0,33884700,19.549999237060547,36.95142377305287,393.57000122070315,412.7170684814453,0
2026-02-25,MSFT,마이크로소프트,390.5299987792969,401.4700012207031,390.1600036621094,400.6000061035156,43625500,17.93000030517578,42.98519478479422,393.952001953125,408.77278900146484,0
2026-02-26,MSFT,마이크로소프트,404.7099914550781,407.489990234375,398.739990234375,401.7200012207031,34405900,18.6299991607666,56.318997299599594,394.60400390625,404.83212890625,0
2026-02-27,MSFT,마이크로소프트,390.8800048828125,396.82000732421875,389.8800048828125,392.739990234375,51367200,19.860000610351562,44.82384645443673,393.70599975585935,402.84348754882814,0
2026-03-02,MSFT,마이크로소프트,392.8599853515625,401.19000244140625,390.6300048828125,398.54998779296875,35474900,21.440000534057617,39.262494448872964,396.5219970703125,401.30548095703125,0
2026-03-03,MSFT,마이크로소프트,393.1400146484375,406.70001220703125,392.6700134277344,403.92999267578125,38127600,23.56999969482422,44.0641044112331,399.50799560546875,400.3816864013672,0
